station_id,name,lat,lon,capacity,num_bikes_available,num_docks_available,timestamp
7303,Queen St E / Woodward Ave,43.665269,-79.319796,19,19,0,2026-03-14 02:15:57
7309,Queen St E / Rhodes Ave,43.666224,-79.317693,23,16,7,2026-03-14 02:15:57
7313,Emdaabiimok Ave / Lake Shore Blvd E,43.662771,-79.315223,15,15,0,2026-03-14 02:15:57
7314,Queen St. E / Eastern Ave,43.667208,-79.312315,15,13,2,2026-03-14 02:15:57
7315,Queen St E / Hammersmith Ave,43.671349,-79.29451,11,11,0,2026-03-14 02:15:57
7316,Queen St. E / Spruce Hill Rd.,43.672571,-79.289,15,15,0,2026-03-14 02:15:57
7317,Hubbard Blvd / Balsam Av,43.669328,-79.288949,19,19,0,2026-03-14 02:15:57
7318,Hubbard Blvd / Glen Manor Dr,43.668633,-79.291162,15,15,0,2026-03-14 02:15:57
7319,Lake Shore Blvd E / Knox Ave,43.660206,-79.3244,11,11,0,2026-03-14 02:15:57
7364,Queen St E / Nursewood Rd,43.673831,-79.281455,19,18,0,2026-03-14 02:15:57
7365,Kewbeach Ave / Kenilworth Ave,43.666325,-79.3014,23,23,0,2026-03-14 02:15:57
7427,Northern Dancer Blvd / Lake Shore Blvd E,43.663162,-79.309765,27,8,19,2026-03-14 02:15:57
7428,Woodbine Ave / Lake Shore Blvd E,43.665645,-79.304711,27,26,0,2026-03-14 02:15:57
7692,85 Lee Ave,43.6700692,-79.2971326,26,22,0,2026-03-14 02:15:57
7695,Queen St E / Joseph Duggan Rd,43.6677628,-79.30811709999999,19,16,2,2026-03-14 02:15:57
8190,1651 Queen St E,43.66669198937586,-79.31437376868756,27,26,1,2026-03-14 02:15:57
7303,Queen St E / Woodward Ave,43.665269,-79.319796,19,19,0,2026-03-14 04:00:42
7309,Queen St E / Rhodes Ave,43.666224,-79.317693,23,16,7,2026-03-14 04:00:42
7313,Emdaabiimok Ave / Lake Shore Blvd E,43.662771,-79.315223,15,15,0,2026-03-14 04:00:42
7314,Queen St. E / Eastern Ave,43.667208,-79.312315,15,13,2,2026-03-14 04:00:42
7315,Queen St E / Hammersmith Ave,43.671349,-79.29451,11,11,0,2026-03-14 04:00:42
7316,Queen St. E / Spruce Hill Rd.,43.672571,-79.289,15,15,0,2026-03-14 04:00:42
7317,Hubbard Blvd / Balsam Av,43.669328,-79.288949,19,19,0,2026-03-14 04:00:42
7318,Hubbard Blvd / Glen Manor Dr,43.668633,-79.291162,15,15,0,2026-03-14 04:00:42
7319,Lake Shore Blvd E / Knox Ave,43.660206,-79.3244,11,10,1,2026-03-14 04:00:42
7364,Queen St E / Nursewood Rd,43.673831,-79.281455,19,18,0,2026-03-14 04:00:42
7365,Kewbeach Ave / Kenilworth Ave,43.666325,-79.3014,23,23,0,2026-03-14 04:00:42
7427,Northern Dancer Blvd / Lake Shore Blvd E,43.663162,-79.309765,27,8,19,2026-03-14 04:00:42
7428,Woodbine Ave / Lake Shore Blvd E,43.665645,-79.304711,27,26,0,2026-03-14 04:00:42
7692,85 Lee Ave,43.6700692,-79.2971326,26,22,0,2026-03-14 04:00:42
7695,Queen St E / Joseph Duggan Rd,43.6677628,-79.30811709999999,19,16,2,2026-03-14 04:00:42
8190,1651 Queen St E,43.66669198937586,-79.31437376868756,27,26,1,2026-03-14 04:00:42
7303,Queen St E / Woodward Ave,43.665269,-79.319796,19,19,0,2026-03-14 05:15:07
7309,Queen St E / Rhodes Ave,43.666224,-79.317693,23,16,7,2026-03-14 05:15:07
7313,Emdaabiimok Ave / Lake Shore Blvd E,43.662771,-79.315223,15,15,0,2026-03-14 05:15:07
7314,Queen St. E / Eastern Ave,43.667208,-79.312315,15,13,2,2026-03-14 05:15:07
7315,Queen St E / Hammersmith Ave,43.671349,-79.29451,11,11,0,2026-03-14 05:15:07
7316,Queen St. E / Spruce Hill Rd.,43.672571,-79.289,15,15,0,2026-03-14 05:15:07
7317,Hubbard Blvd / Balsam Av,43.669328,-79.288949,19,19,0,2026-03-14 05:15:07
7318,Hubbard Blvd / Glen Manor Dr,43.668633,-79.291162,15,15,0,2026-03-14 05:15:07
7319,Lake Shore Blvd E / Knox Ave,43.660206,-79.3244,11,10,1,2026-03-14 05:15:07
7364,Queen St E / Nursewood Rd,43.673831,-79.281455,19,18,0,2026-03-14 05:15:07
7365,Kewbeach Ave / Kenilworth Ave,43.666325,-79.3014,23,23,0,2026-03-14 05:15:07
7427,Northern Dancer Blvd / Lake Shore Blvd E,43.663162,-79.309765,26,9,17,2026-03-14 05:15:07
7428,Woodbine Ave / Lake Shore Blvd E,43.665645,-79.304711,27,26,0,2026-03-14 05:15:07
7692,85 Lee Ave,43.6700692,-79.2971326,26,22,0,2026-03-14 05:15:07
7695,Queen St E / Joseph Duggan Rd,43.6677628,-79.30811709999999,19,16,2,2026-03-14 05:15:07
8190,1651 Queen St E,43.66669198937586,-79.31437376868756,27,26,1,2026-03-14 05:15:07
7303,Queen St E / Woodward Ave,43.665269,-79.319796,19,19,0,2026-03-14 07:02:08
7309,Queen St E / Rhodes Ave,43.666224,-79.317693,23,16,7,2026-03-14 07:02:08
7313,Emdaabiimok Ave / Lake Shore Blvd E,43.662771,-79.315223,15,15,0,2026-03-14 07:02:08
7314,Queen St. E / Eastern Ave,43.667208,-79.312315,15,13,2,2026-03-14 07:02:08
7315,Queen St E / Hammersmith Ave,43.671349,-79.29451,11,11,0,2026-03-14 07:02:08
7316,Queen St. E / Spruce Hill Rd.,43.672571,-79.289,15,15,0,2026-03-14 07:02:08
7317,Hubbard Blvd / Balsam Av,43.669328,-79.288949,19,19,0,2026-03-14 07:02:08
7318,Hubbard Blvd / Glen Manor Dr,43.668633,-79.291162,15,15,0,2026-03-14 07:02:08
7319,Lake Shore Blvd E / Knox Ave,43.660206,-79.3244,11,10,1,2026-03-14 07:02:08
7364,Queen St E / Nursewood Rd,43.673831,-79.281455,19,18,0,2026-03-14 07:02:08
7365,Kewbeach Ave / Kenilworth Ave,43.666325,-79.3014,23,23,0,2026-03-14 07:02:08
7427,Northern Dancer Blvd / Lake Shore Blvd E,43.663162,-79.309765,26,9,17,2026-03-14 07:02:08
7428,Woodbine Ave / Lake Shore Blvd E,43.665645,-79.304711,27,26,0,2026-03-14 07:02:08
7692,85 Lee Ave,43.6700692,-79.2971326,26,22,0,2026-03-14 07:02:08
7695,Queen St E / Joseph Duggan Rd,43.6677628,-79.30811709999999,19,16,2,2026-03-14 07:02:08
8190,1651 Queen St E,43.66669198937586,-79.31437376868756,27,26,1,2026-03-14 07:02:08
7303,Queen St E / Woodward Ave,43.665269,-79.319796,19,19,0,2026-03-14 07:56:31
7309,Queen St E / Rhodes Ave,43.666224,-79.317693,23,16,7,2026-03-14 07:56:31
7313,Emdaabiimok Ave / Lake Shore Blvd E,43.662771,-79.315223,15,15,0,2026-03-14 07:56:31
7314,Queen St. E / Eastern Ave,43.667208,-79.312315,15,13,2,2026-03-14 07:56:31
7315,Queen St E / Hammersmith Ave,43.671349,-79.29451,11,11,0,2026-03-14 07:56:31
7316,Queen St. E / Spruce Hill Rd.,43.672571,-79.289,15,15,0,2026-03-14 07:56:31
7317,Hubbard Blvd / Balsam Av,43.669328,-79.288949,19,19,0,2026-03-14 07:56:31
7318,Hubbard Blvd / Glen Manor Dr,43.668633,-79.291162,15,15,0,2026-03-14 07:56:31
7319,Lake Shore Blvd E / Knox Ave,43.660206,-79.3244,11,10,1,2026-03-14 07:56:31
7364,Queen St E / Nursewood Rd,43.673831,-79.281455,19,18,0,2026-03-14 07:56:31
7365,Kewbeach Ave / Kenilworth Ave,43.666325,-79.3014,23,23,0,2026-03-14 07:56:31
7427,Northern Dancer Blvd / Lake Shore Blvd E,43.663162,-79.309765,26,9,17,2026-03-14 07:56:31
7428,Woodbine Ave / Lake Shore Blvd E,43.665645,-79.304711,27,26,0,2026-03-14 07:56:31
7692,85 Lee Ave,43.6700692,-79.2971326,26,22,0,2026-03-14 07:56:31
7695,Queen St E / Joseph Duggan Rd,43.6677628,-79.30811709999999,19,16,2,2026-03-14 07:56:31
8190,1651 Queen St E,43.66669198937586,-79.31437376868756,27,26,1,2026-03-14 07:56:31
7303,Queen St E / Woodward Ave,43.665269,-79.319796,19,19,0,2026-03-14 08:48:37
7309,Queen St E / Rhodes Ave,43.666224,-79.317693,23,16,7,2026-03-14 08:48:37
7313,Emdaabiimok Ave / Lake Shore Blvd E,43.662771,-79.315223,15,15,0,2026-03-14 08:48:37
7314,Queen St. E / Eastern Ave,43.667208,-79.312315,15,13,2,2026-03-14 08:48:37
7315,Queen St E / Hammersmith Ave,43.671349,-79.29451,11,11,0,2026-03-14 08:48:37
7316,Queen St. E / Spruce Hill Rd.,43.672571,-79.289,15,15,0,2026-03-14 08:48:37
7317,Hubbard Blvd / Balsam Av,43.669328,-79.288949,19,19,0,2026-03-14 08:48:37
7318,Hubbard Blvd / Glen Manor Dr,43.668633,-79.291162,15,15,0,2026-03-14 08:48:37
7319,Lake Shore Blvd E / Knox Ave,43.660206,-79.3244,11,10,1,2026-03-14 08:48:37
7364,Queen St E / Nursewood Rd,43.673831,-79.281455,19,18,0,2026-03-14 08:48:37
7365,Kewbeach Ave / Kenilworth Ave,43.666325,-79.3014,23,23,0,2026-03-14 08:48:37
7427,Northern Dancer Blvd / Lake Shore Blvd E,43.663162,-79.309765,26,9,17,2026-03-14 08:48:37
7428,Woodbine Ave / Lake Shore Blvd E,43.665645,-79.304711,27,26,0,2026-03-14 08:48:37
7692,85 Lee Ave,43.6700692,-79.2971326,26,22,0,2026-03-14 08:48:37
7695,Queen St E / Joseph Duggan Rd,43.6677628,-79.30811709999999,19,16,2,2026-03-14 08:48:37
8190,1651 Queen St E,43.66669198937586,-79.31437376868756,27,26,1,2026-03-14 08:48:37
7303,Queen St E / Woodward Ave,43.665269,-79.319796,19,19,0,2026-03-14 09:41:20
7309,Queen St E / Rhodes Ave,43.666224,-79.317693,23,16,7,2026-03-14 09:41:20
7313,Emdaabiimok Ave / Lake Shore Blvd E,43.662771,-79.315223,15,15,0,2026-03-14 09:41:20
7314,Queen St. E / Eastern Ave,43.667208,-79.312315,15,13,2,2026-03-14 09:41:20
7315,Queen St E / Hammersmith Ave,43.671349,-79.29451,11,11,0,2026-03-14 09:41:20
7316,Queen St. E / Spruce Hill Rd.,43.672571,-79.289,15,15,0,2026-03-14 09:41:20
7317,Hubbard Blvd / Balsam Av,43.669328,-79.288949,19,19,0,2026-03-14 09:41:20
7318,Hubbard Blvd / Glen Manor Dr,43.668633,-79.291162,15,15,0,2026-03-14 09:41:20
7319,Lake Shore Blvd E / Knox Ave,43.660206,-79.3244,11,10,1,2026-03-14 09:41:20
7364,Queen St E / Nursewood Rd,43.673831,-79.281455,19,18,0,2026-03-14 09:41:20
7365,Kewbeach Ave / Kenilworth Ave,43.666325,-79.3014,23,23,0,2026-03-14 09:41:20
7427,Northern Dancer Blvd / Lake Shore Blvd E,43.663162,-79.309765,26,9,17,2026-03-14 09:41:20
7428,Woodbine Ave / Lake Shore Blvd E,43.665645,-79.304711,27,26,0,2026-03-14 09:41:20
7692,85 Lee Ave,43.6700692,-79.2971326,26,22,0,2026-03-14 09:41:20
7695,Queen St E / Joseph Duggan Rd,43.6677628,-79.30811709999999,19,16,2,2026-03-14 09:41:20
8190,1651 Queen St E,43.66669198937586,-79.31437376868756,27,26,1,2026-03-14 09:41:20
7303,Queen St E / Woodward Ave,43.665269,-79.319796,19,19,0,2026-03-14 10:36:46
7309,Queen St E / Rhodes Ave,43.666224,-79.317693,23,16,7,2026-03-14 10:36:46
7313,Emdaabiimok Ave / Lake Shore Blvd E,43.662771,-79.315223,15,15,0,2026-03-14 10:36:46
7314,Queen St. E / Eastern Ave,43.667208,-79.312315,15,13,2,2026-03-14 10:36:46
7315,Queen St E / Hammersmith Ave,43.671349,-79.29451,11,11,0,2026-03-14 10:36:46
7316,Queen St. E / Spruce Hill Rd.,43.672571,-79.289,15,15,0,2026-03-14 10:36:46
7317,Hubbard Blvd / Balsam Av,43.669328,-79.288949,19,19,0,2026-03-14 10:36:46
7318,Hubbard Blvd / Glen Manor Dr,43.668633,-79.291162,15,15,0,2026-03-14 10:36:46
7319,Lake Shore Blvd E / Knox Ave,43.660206,-79.3244,11,10,1,2026-03-14 10:36:46
7364,Queen St E / Nursewood Rd,43.673831,-79.281455,19,18,0,2026-03-14 10:36:46
7365,Kewbeach Ave / Kenilworth Ave,43.666325,-79.3014,23,23,0,2026-03-14 10:36:46
7427,Northern Dancer Blvd / Lake Shore Blvd E,43.663162,-79.309765,26,9,17,2026-03-14 10:36:46
7428,Woodbine Ave / Lake Shore Blvd E,43.665645,-79.304711,27,26,0,2026-03-14 10:36:46
7692,85 Lee Ave,43.6700692,-79.2971326,26,22,0,2026-03-14 10:36:46
7695,Queen St E / Joseph Duggan Rd,43.6677628,-79.30811709999999,19,16,2,2026-03-14 10:36:46
8190,1651 Queen St E,43.66669198937586,-79.31437376868756,27,26,1,2026-03-14 10:36:46
7303,Queen St E / Woodward Ave,43.665269,-79.319796,19,19,0,2026-03-14 11:31:02
7309,Queen St E / Rhodes Ave,43.666224,-79.317693,23,16,7,2026-03-14 11:31:02
7313,Emdaabiimok Ave / Lake Shore Blvd E,43.662771,-79.315223,15,15,0,2026-03-14 11:31:02
7314,Queen St. E / Eastern Ave,43.667208,-79.312315,15,13,2,2026-03-14 11:31:02
7315,Queen St E / Hammersmith Ave,43.671349,-79.29451,11,11,0,2026-03-14 11:31:02
7316,Queen St. E / Spruce Hill Rd.,43.672571,-79.289,15,15,0,2026-03-14 11:31:02
7317,Hubbard Blvd / Balsam Av,43.669328,-79.288949,19,19,0,2026-03-14 11:31:02
7318,Hubbard Blvd / Glen Manor Dr,43.668633,-79.291162,15,15,0,2026-03-14 11:31:02
7319,Lake Shore Blvd E / Knox Ave,43.660206,-79.3244,11,10,1,2026-03-14 11:31:02
7364,Queen St E / Nursewood Rd,43.673831,-79.281455,19,18,0,2026-03-14 11:31:02
7365,Kewbeach Ave / Kenilworth Ave,43.666325,-79.3014,23,23,0,2026-03-14 11:31:02
7427,Northern Dancer Blvd / Lake Shore Blvd E,43.663162,-79.309765,26,9,17,2026-03-14 11:31:02
7428,Woodbine Ave / Lake Shore Blvd E,43.665645,-79.304711,27,26,0,2026-03-14 11:31:02
7692,85 Lee Ave,43.6700692,-79.2971326,26,22,0,2026-03-14 11:31:02
7695,Queen St E / Joseph Duggan Rd,43.6677628,-79.30811709999999,19,16,2,2026-03-14 11:31:02
8190,1651 Queen St E,43.66669198937586,-79.31437376868756,27,26,1,2026-03-14 11:31:02
7303,Queen St E / Woodward Ave,43.665269,-79.319796,19,19,0,2026-03-14 13:08:44
7309,Queen St E / Rhodes Ave,43.666224,-79.317693,23,16,7,2026-03-14 13:08:44
7313,Emdaabiimok Ave / Lake Shore Blvd E,43.662771,-79.315223,15,15,0,2026-03-14 13:08:44
7314,Queen St. E / Eastern Ave,43.667208,-79.312315,15,13,2,2026-03-14 13:08:44
7315,Queen St E / Hammersmith Ave,43.671349,-79.29451,11,11,0,2026-03-14 13:08:44
7316,Queen St. E / Spruce Hill Rd.,43.672571,-79.289,15,15,0,2026-03-14 13:08:44
7317,Hubbard Blvd / Balsam Av,43.669328,-79.288949,19,19,0,2026-03-14 13:08:44
7318,Hubbard Blvd / Glen Manor Dr,43.668633,-79.291162,15,15,0,2026-03-14 13:08:44
7319,Lake Shore Blvd E / Knox Ave,43.660206,-79.3244,11,10,1,2026-03-14 13:08:44
7364,Queen St E / Nursewood Rd,43.673831,-79.281455,19,18,0,2026-03-14 13:08:44
7365,Kewbeach Ave / Kenilworth Ave,43.666325,-79.3014,23,23,0,2026-03-14 13:08:44
7427,Northern Dancer Blvd / Lake Shore Blvd E,43.663162,-79.309765,26,9,17,2026-03-14 13:08:44
7428,Woodbine Ave / Lake Shore Blvd E,43.665645,-79.304711,27,26,0,2026-03-14 13:08:44
7692,85 Lee Ave,43.6700692,-79.2971326,26,22,0,2026-03-14 13:08:44
7695,Queen St E / Joseph Duggan Rd,43.6677628,-79.30811709999999,19,16,2,2026-03-14 13:08:44
8190,1651 Queen St E,43.66669198937586,-79.31437376868756,27,26,1,2026-03-14 13:08:44
7303,Queen St E / Woodward Ave,43.665269,-79.319796,19,19,0,2026-03-14 14:01:09
7309,Queen St E / Rhodes Ave,43.666224,-79.317693,23,16,7,2026-03-14 14:01:09
7313,Emdaabiimok Ave / Lake Shore Blvd E,43.662771,-79.315223,15,15,0,2026-03-14 14:01:09
7314,Queen St. E / Eastern Ave,43.667208,-79.312315,15,13,2,2026-03-14 14:01:09
7315,Queen St E / Hammersmith Ave,43.671349,-79.29451,11,11,0,2026-03-14 14:01:09
7316,Queen St. E / Spruce Hill Rd.,43.672571,-79.289,15,15,0,2026-03-14 14:01:09
7317,Hubbard Blvd / Balsam Av,43.669328,-79.288949,19,19,0,2026-03-14 14:01:09
7318,Hubbard Blvd / Glen Manor Dr,43.668633,-79.291162,15,15,0,2026-03-14 14:01:09
7319,Lake Shore Blvd E / Knox Ave,43.660206,-79.3244,11,10,1,2026-03-14 14:01:09
7364,Queen St E / Nursewood Rd,43.673831,-79.281455,19,18,0,2026-03-14 14:01:09
7365,Kewbeach Ave / Kenilworth Ave,43.666325,-79.3014,23,23,0,2026-03-14 14:01:09
7427,Northern Dancer Blvd / Lake Shore Blvd E,43.663162,-79.309765,26,9,17,2026-03-14 14:01:09
7428,Woodbine Ave / Lake Shore Blvd E,43.665645,-79.304711,27,26,0,2026-03-14 14:01:09
7692,85 Lee Ave,43.6700692,-79.2971326,26,22,0,2026-03-14 14:01:09
7695,Queen St E / Joseph Duggan Rd,43.6677628,-79.30811709999999,19,16,2,2026-03-14 14:01:09
8190,1651 Queen St E,43.66669198937586,-79.31437376868756,27,26,1,2026-03-14 14:01:09
7303,Queen St E / Woodward Ave,43.665269,-79.319796,19,19,0,2026-03-14 14:56:17
7309,Queen St E / Rhodes Ave,43.666224,-79.317693,23,16,7,2026-03-14 14:56:17
7313,Emdaabiimok Ave / Lake Shore Blvd E,43.662771,-79.315223,15,15,0,2026-03-14 14:56:17
7314,Queen St. E / Eastern Ave,43.667208,-79.312315,15,13,2,2026-03-14 14:56:17
7315,Queen St E / Hammersmith Ave,43.671349,-79.29451,11,11,0,2026-03-14 14:56:17
7316,Queen St. E / Spruce Hill Rd.,43.672571,-79.289,15,15,0,2026-03-14 14:56:17
7317,Hubbard Blvd / Balsam Av,43.669328,-79.288949,19,19,0,2026-03-14 14:56:17
7318,Hubbard Blvd / Glen Manor Dr,43.668633,-79.291162,15,15,0,2026-03-14 14:56:17
7319,Lake Shore Blvd E / Knox Ave,43.660206,-79.3244,11,10,1,2026-03-14 14:56:17
7364,Queen St E / Nursewood Rd,43.673831,-79.281455,19,18,0,2026-03-14 14:56:17
7365,Kewbeach Ave / Kenilworth Ave,43.666325,-79.3014,23,23,0,2026-03-14 14:56:17
7427,Northern Dancer Blvd / Lake Shore Blvd E,43.663162,-79.309765,26,9,17,2026-03-14 14:56:17
7428,Woodbine Ave / Lake Shore Blvd E,43.665645,-79.304711,27,26,0,2026-03-14 14:56:17
7692,85 Lee Ave,43.6700692,-79.2971326,26,22,0,2026-03-14 14:56:17
7695,Queen St E / Joseph Duggan Rd,43.6677628,-79.30811709999999,19,16,2,2026-03-14 14:56:17
8190,1651 Queen St E,43.66669198937586,-79.31437376868756,27,26,1,2026-03-14 14:56:17
7303,Queen St E / Woodward Ave,43.665269,-79.319796,19,19,0,2026-03-14 15:37:02
7309,Queen St E / Rhodes Ave,43.666224,-79.317693,23,16,7,2026-03-14 15:37:02
7313,Emdaabiimok Ave / Lake Shore Blvd E,43.662771,-79.315223,15,15,0,2026-03-14 15:37:02
7314,Queen St. E / Eastern Ave,43.667208,-79.312315,15,13,2,2026-03-14 15:37:02
7315,Queen St E / Hammersmith Ave,43.671349,-79.29451,11,11,0,2026-03-14 15:37:02
7316,Queen St. E / Spruce Hill Rd.,43.672571,-79.289,15,15,0,2026-03-14 15:37:02
7317,Hubbard Blvd / Balsam Av,43.669328,-79.288949,19,19,0,2026-03-14 15:37:02
7318,Hubbard Blvd / Glen Manor Dr,43.668633,-79.291162,15,15,0,2026-03-14 15:37:02
7319,Lake Shore Blvd E / Knox Ave,43.660206,-79.3244,11,10,1,2026-03-14 15:37:02
7364,Queen St E / Nursewood Rd,43.673831,-79.281455,19,18,0,2026-03-14 15:37:02
7365,Kewbeach Ave / Kenilworth Ave,43.666325,-79.3014,23,23,0,2026-03-14 15:37:02
7427,Northern Dancer Blvd / Lake Shore Blvd E,43.663162,-79.309765,26,9,17,2026-03-14 15:37:02
7428,Woodbine Ave / Lake Shore Blvd E,43.665645,-79.304711,27,26,0,2026-03-14 15:37:02
7692,85 Lee Ave,43.6700692,-79.2971326,26,22,0,2026-03-14 15:37:02
7695,Queen St E / Joseph Duggan Rd,43.6677628,-79.30811709999999,19,16,2,2026-03-14 15:37:02
8190,1651 Queen St E,43.66669198937586,-79.31437376868756,27,26,1,2026-03-14 15:37:02
7303,Queen St E / Woodward Ave,43.665269,-79.319796,19,19,0,2026-03-14 16:40:52
7309,Queen St E / Rhodes Ave,43.666224,-79.317693,23,16,7,2026-03-14 16:40:52
7313,Emdaabiimok Ave / Lake Shore Blvd E,43.662771,-79.315223,15,15,0,2026-03-14 16:40:52
7314,Queen St. E / Eastern Ave,43.667208,-79.312315,15,13,2,2026-03-14 16:40:52
7315,Queen St E / Hammersmith Ave,43.671349,-79.29451,11,11,0,2026-03-14 16:40:52
7316,Queen St. E / Spruce Hill Rd.,43.672571,-79.289,15,15,0,2026-03-14 16:40:52
7317,Hubbard Blvd / Balsam Av,43.669328,-79.288949,19,19,0,2026-03-14 16:40:52
7318,Hubbard Blvd / Glen Manor Dr,43.668633,-79.291162,15,15,0,2026-03-14 16:40:52
7319,Lake Shore Blvd E / Knox Ave,43.660206,-79.3244,11,9,2,2026-03-14 16:40:52
7364,Queen St E / Nursewood Rd,43.673831,-79.281455,19,18,0,2026-03-14 16:40:52
7365,Kewbeach Ave / Kenilworth Ave,43.666325,-79.3014,23,23,0,2026-03-14 16:40:52
7427,Northern Dancer Blvd / Lake Shore Blvd E,43.663162,-79.309765,26,9,17,2026-03-14 16:40:52
7428,Woodbine Ave / Lake Shore Blvd E,43.665645,-79.304711,27,26,0,2026-03-14 16:40:52
7692,85 Lee Ave,43.6700692,-79.2971326,26,22,0,2026-03-14 16:40:52
7695,Queen St E / Joseph Duggan Rd,43.6677628,-79.30811709999999,19,17,1,2026-03-14 16:40:52
8190,1651 Queen St E,43.66669198937586,-79.31437376868756,27,26,1,2026-03-14 16:40:52
7303,Queen St E / Woodward Ave,43.665269,-79.319796,19,19,0,2026-03-14 17:34:11
7309,Queen St E / Rhodes Ave,43.666224,-79.317693,23,16,7,2026-03-14 17:34:11
7313,Emdaabiimok Ave / Lake Shore Blvd E,43.662771,-79.315223,15,15,0,2026-03-14 17:34:11
7314,Queen St. E / Eastern Ave,43.667208,-79.312315,15,13,2,2026-03-14 17:34:11
7315,Queen St E / Hammersmith Ave,43.671349,-79.29451,11,11,0,2026-03-14 17:34:11
7316,Queen St. E / Spruce Hill Rd.,43.672571,-79.289,15,15,0,2026-03-14 17:34:11
7317,Hubbard Blvd / Balsam Av,43.669328,-79.288949,19,19,0,2026-03-14 17:34:11
7318,Hubbard Blvd / Glen Manor Dr,43.668633,-79.291162,15,15,0,2026-03-14 17:34:11
7319,Lake Shore Blvd E / Knox Ave,43.660206,-79.3244,11,9,2,2026-03-14 17:34:11
7364,Queen St E / Nursewood Rd,43.673831,-79.281455,19,18,0,2026-03-14 17:34:11
7365,Kewbeach Ave / Kenilworth Ave,43.666325,-79.3014,23,23,0,2026-03-14 17:34:11
7427,Northern Dancer Blvd / Lake Shore Blvd E,43.663162,-79.309765,26,7,19,2026-03-14 17:34:11
7428,Woodbine Ave / Lake Shore Blvd E,43.665645,-79.304711,27,26,0,2026-03-14 17:34:11
7692,85 Lee Ave,43.6700692,-79.2971326,26,22,0,2026-03-14 17:34:11
7695,Queen St E / Joseph Duggan Rd,43.6677628,-79.30811709999999,19,18,0,2026-03-14 17:34:11
8190,1651 Queen St E,43.66669198937586,-79.31437376868756,27,26,1,2026-03-14 17:34:11
7303,Queen St E / Woodward Ave,43.665269,-79.319796,19,19,0,2026-03-14 18:51:01
7309,Queen St E / Rhodes Ave,43.666224,-79.317693,23,16,7,2026-03-14 18:51:01
7313,Emdaabiimok Ave / Lake Shore Blvd E,43.662771,-79.315223,15,15,0,2026-03-14 18:51:01
7314,Queen St. E / Eastern Ave,43.667208,-79.312315,15,14,1,2026-03-14 18:51:01
7315,Queen St E / Hammersmith Ave,43.671349,-79.29451,11,11,0,2026-03-14 18:51:01
7316,Queen St. E / Spruce Hill Rd.,43.672571,-79.289,15,15,0,2026-03-14 18:51:01
7317,Hubbard Blvd / Balsam Av,43.669328,-79.288949,19,19,0,2026-03-14 18:51:01
7318,Hubbard Blvd / Glen Manor Dr,43.668633,-79.291162,15,15,0,2026-03-14 18:51:01
7319,Lake Shore Blvd E / Knox Ave,43.660206,-79.3244,11,9,2,2026-03-14 18:51:01
7364,Queen St E / Nursewood Rd,43.673831,-79.281455,19,18,0,2026-03-14 18:51:01
7365,Kewbeach Ave / Kenilworth Ave,43.666325,-79.3014,23,23,0,2026-03-14 18:51:01
7427,Northern Dancer Blvd / Lake Shore Blvd E,43.663162,-79.309765,26,7,19,2026-03-14 18:51:01
7428,Woodbine Ave / Lake Shore Blvd E,43.665645,-79.304711,27,26,0,2026-03-14 18:51:01
7692,85 Lee Ave,43.6700692,-79.2971326,26,22,0,2026-03-14 18:51:01
7695,Queen St E / Joseph Duggan Rd,43.6677628,-79.30811709999999,19,18,0,2026-03-14 18:51:01
8190,1651 Queen St E,43.66669198937586,-79.31437376868756,27,26,1,2026-03-14 18:51:01
7303,Queen St E / Woodward Ave,43.665269,-79.319796,19,19,0,2026-03-14 19:34:05
7309,Queen St E / Rhodes Ave,43.666224,-79.317693,23,16,7,2026-03-14 19:34:05
7313,Emdaabiimok Ave / Lake Shore Blvd E,43.662771,-79.315223,15,15,0,2026-03-14 19:34:05
7314,Queen St. E / Eastern Ave,43.667208,-79.312315,15,14,1,2026-03-14 19:34:05
7315,Queen St E / Hammersmith Ave,43.671349,-79.29451,11,11,0,2026-03-14 19:34:05
7316,Queen St. E / Spruce Hill Rd.,43.672571,-79.289,15,15,0,2026-03-14 19:34:05
7317,Hubbard Blvd / Balsam Av,43.669328,-79.288949,19,19,0,2026-03-14 19:34:05
7318,Hubbard Blvd / Glen Manor Dr,43.668633,-79.291162,15,14,1,2026-03-14 19:34:05
7319,Lake Shore Blvd E / Knox Ave,43.660206,-79.3244,11,9,2,2026-03-14 19:34:05
7364,Queen St E / Nursewood Rd,43.673831,-79.281455,19,18,0,2026-03-14 19:34:05
7365,Kewbeach Ave / Kenilworth Ave,43.666325,-79.3014,23,23,0,2026-03-14 19:34:05
7427,Northern Dancer Blvd / Lake Shore Blvd E,43.663162,-79.309765,26,7,19,2026-03-14 19:34:05
7428,Woodbine Ave / Lake Shore Blvd E,43.665645,-79.304711,27,26,0,2026-03-14 19:34:05
7692,85 Lee Ave,43.6700692,-79.2971326,26,22,0,2026-03-14 19:34:05
7695,Queen St E / Joseph Duggan Rd,43.6677628,-79.30811709999999,19,18,0,2026-03-14 19:34:05
8190,1651 Queen St E,43.66669198937586,-79.31437376868756,27,26,1,2026-03-14 19:34:05
7303,Queen St E / Woodward Ave,43.665269,-79.319796,19,19,0,2026-03-14 20:37:14
7309,Queen St E / Rhodes Ave,43.666224,-79.317693,23,16,7,2026-03-14 20:37:14
7313,Emdaabiimok Ave / Lake Shore Blvd E,43.662771,-79.315223,15,15,0,2026-03-14 20:37:14
7314,Queen St. E / Eastern Ave,43.667208,-79.312315,15,14,1,2026-03-14 20:37:14
7315,Queen St E / Hammersmith Ave,43.671349,-79.29451,11,11,0,2026-03-14 20:37:14
7316,Queen St. E / Spruce Hill Rd.,43.672571,-79.289,15,14,1,2026-03-14 20:37:14
7317,Hubbard Blvd / Balsam Av,43.669328,-79.288949,19,19,0,2026-03-14 20:37:14
7318,Hubbard Blvd / Glen Manor Dr,43.668633,-79.291162,15,15,0,2026-03-14 20:37:14
7319,Lake Shore Blvd E / Knox Ave,43.660206,-79.3244,11,9,2,2026-03-14 20:37:14
7364,Queen St E / Nursewood Rd,43.673831,-79.281455,19,18,0,2026-03-14 20:37:14
7365,Kewbeach Ave / Kenilworth Ave,43.666325,-79.3014,23,23,0,2026-03-14 20:37:14
7427,Northern Dancer Blvd / Lake Shore Blvd E,43.663162,-79.309765,26,7,19,2026-03-14 20:37:14
7428,Woodbine Ave / Lake Shore Blvd E,43.665645,-79.304711,27,26,0,2026-03-14 20:37:14
7692,85 Lee Ave,43.6700692,-79.2971326,26,22,0,2026-03-14 20:37:14
7695,Queen St E / Joseph Duggan Rd,43.6677628,-79.30811709999999,19,18,0,2026-03-14 20:37:14
8190,1651 Queen St E,43.66669198937586,-79.31437376868756,27,27,0,2026-03-14 20:37:14
7303,Queen St E / Woodward Ave,43.665269,-79.319796,19,17,2,2026-03-14 21:33:48
7309,Queen St E / Rhodes Ave,43.666224,-79.317693,23,18,5,2026-03-14 21:33:48
7313,Emdaabiimok Ave / Lake Shore Blvd E,43.662771,-79.315223,15,15,0,2026-03-14 21:33:48
7314,Queen St. E / Eastern Ave,43.667208,-79.312315,15,13,2,2026-03-14 21:33:48
7315,Queen St E / Hammersmith Ave,43.671349,-79.29451,11,11,0,2026-03-14 21:33:48
7316,Queen St. E / Spruce Hill Rd.,43.672571,-79.289,15,15,0,2026-03-14 21:33:48
7317,Hubbard Blvd / Balsam Av,43.669328,-79.288949,19,19,0,2026-03-14 21:33:48
7318,Hubbard Blvd / Glen Manor Dr,43.668633,-79.291162,15,15,0,2026-03-14 21:33:48
7319,Lake Shore Blvd E / Knox Ave,43.660206,-79.3244,11,9,2,2026-03-14 21:33:48
7364,Queen St E / Nursewood Rd,43.673831,-79.281455,19,18,0,2026-03-14 21:33:48
7365,Kewbeach Ave / Kenilworth Ave,43.666325,-79.3014,23,23,0,2026-03-14 21:33:48
7427,Northern Dancer Blvd / Lake Shore Blvd E,43.663162,-79.309765,26,6,20,2026-03-14 21:33:48
7428,Woodbine Ave / Lake Shore Blvd E,43.665645,-79.304711,27,26,0,2026-03-14 21:33:48
7692,85 Lee Ave,43.6700692,-79.2971326,26,22,0,2026-03-14 21:33:48
7695,Queen St E / Joseph Duggan Rd,43.6677628,-79.30811709999999,19,17,1,2026-03-14 21:33:48
8190,1651 Queen St E,43.66669198937586,-79.31437376868756,27,27,0,2026-03-14 21:33:48
7303,Queen St E / Woodward Ave,43.665269,-79.319796,19,17,2,2026-03-14 22:34:50
7309,Queen St E / Rhodes Ave,43.666224,-79.317693,23,18,5,2026-03-14 22:34:50
7313,Emdaabiimok Ave / Lake Shore Blvd E,43.662771,-79.315223,15,15,0,2026-03-14 22:34:50
7314,Queen St. E / Eastern Ave,43.667208,-79.312315,15,13,2,2026-03-14 22:34:50
7315,Queen St E / Hammersmith Ave,43.671349,-79.29451,11,11,0,2026-03-14 22:34:50
7316,Queen St. E / Spruce Hill Rd.,43.672571,-79.289,15,15,0,2026-03-14 22:34:50
7317,Hubbard Blvd / Balsam Av,43.669328,-79.288949,19,19,0,2026-03-14 22:34:50
7318,Hubbard Blvd / Glen Manor Dr,43.668633,-79.291162,15,15,0,2026-03-14 22:34:50
7319,Lake Shore Blvd E / Knox Ave,43.660206,-79.3244,11,10,1,2026-03-14 22:34:50
7364,Queen St E / Nursewood Rd,43.673831,-79.281455,19,18,0,2026-03-14 22:34:50
7365,Kewbeach Ave / Kenilworth Ave,43.666325,-79.3014,23,23,0,2026-03-14 22:34:50
7427,Northern Dancer Blvd / Lake Shore Blvd E,43.663162,-79.309765,26,6,20,2026-03-14 22:34:50
7428,Woodbine Ave / Lake Shore Blvd E,43.665645,-79.304711,27,26,0,2026-03-14 22:34:50
7692,85 Lee Ave,43.6700692,-79.2971326,26,22,0,2026-03-14 22:34:50
7695,Queen St E / Joseph Duggan Rd,43.6677628,-79.30811709999999,19,17,1,2026-03-14 22:34:50
8190,1651 Queen St E,43.66669198937586,-79.31437376868756,27,26,1,2026-03-14 22:34:50
7303,Queen St E / Woodward Ave,43.665269,-79.319796,19,17,2,2026-03-14 23:35:19
7309,Queen St E / Rhodes Ave,43.666224,-79.317693,23,21,2,2026-03-14 23:35:19
7313,Emdaabiimok Ave / Lake Shore Blvd E,43.662771,-79.315223,15,15,0,2026-03-14 23:35:19
7314,Queen St. E / Eastern Ave,43.667208,-79.312315,15,13,2,2026-03-14 23:35:19
7315,Queen St E / Hammersmith Ave,43.671349,-79.29451,11,11,0,2026-03-14 23:35:19
7316,Queen St. E / Spruce Hill Rd.,43.672571,-79.289,15,15,0,2026-03-14 23:35:19
7317,Hubbard Blvd / Balsam Av,43.669328,-79.288949,19,19,0,2026-03-14 23:35:19
7318,Hubbard Blvd / Glen Manor Dr,43.668633,-79.291162,15,15,0,2026-03-14 23:35:19
7319,Lake Shore Blvd E / Knox Ave,43.660206,-79.3244,11,10,1,2026-03-14 23:35:19
7364,Queen St E / Nursewood Rd,43.673831,-79.281455,19,18,0,2026-03-14 23:35:19
7365,Kewbeach Ave / Kenilworth Ave,43.666325,-79.3014,23,23,0,2026-03-14 23:35:19
7427,Northern Dancer Blvd / Lake Shore Blvd E,43.663162,-79.309765,26,6,20,2026-03-14 23:35:19
7428,Woodbine Ave / Lake Shore Blvd E,43.665645,-79.304711,27,26,0,2026-03-14 23:35:19
7692,85 Lee Ave,43.6700692,-79.2971326,26,22,0,2026-03-14 23:35:19
7695,Queen St E / Joseph Duggan Rd,43.6677628,-79.30811709999999,19,16,2,2026-03-14 23:35:19
8190,1651 Queen St E,43.66669198937586,-79.31437376868756,27,27,0,2026-03-14 23:35:19
7303,Queen St E / Woodward Ave,43.665269,-79.319796,19,16,3,2026-03-15 03:19:10
7309,Queen St E / Rhodes Ave,43.666224,-79.317693,23,21,2,2026-03-15 03:19:10
7313,Emdaabiimok Ave / Lake Shore Blvd E,43.662771,-79.315223,15,15,0,2026-03-15 03:19:10
7314,Queen St. E / Eastern Ave,43.667208,-79.312315,15,13,2,2026-03-15 03:19:10
7315,Queen St E / Hammersmith Ave,43.671349,-79.29451,11,11,0,2026-03-15 03:19:10
7316,Queen St. E / Spruce Hill Rd.,43.672571,-79.289,15,15,0,2026-03-15 03:19:10
7317,Hubbard Blvd / Balsam Av,43.669328,-79.288949,19,19,0,2026-03-15 03:19:10
7318,Hubbard Blvd / Glen Manor Dr,43.668633,-79.291162,15,15,0,2026-03-15 03:19:10
7319,Lake Shore Blvd E / Knox Ave,43.660206,-79.3244,11,10,1,2026-03-15 03:19:10
7364,Queen St E / Nursewood Rd,43.673831,-79.281455,19,18,0,2026-03-15 03:19:10
7365,Kewbeach Ave / Kenilworth Ave,43.666325,-79.3014,23,23,0,2026-03-15 03:19:10
7427,Northern Dancer Blvd / Lake Shore Blvd E,43.663162,-79.309765,26,6,20,2026-03-15 03:19:10
7428,Woodbine Ave / Lake Shore Blvd E,43.665645,-79.304711,27,26,0,2026-03-15 03:19:10
7692,85 Lee Ave,43.6700692,-79.2971326,26,22,0,2026-03-15 03:19:10
7695,Queen St E / Joseph Duggan Rd,43.6677628,-79.30811709999999,19,17,1,2026-03-15 03:19:10
8190,1651 Queen St E,43.66669198937586,-79.31437376868756,27,27,0,2026-03-15 03:19:10
7303,Queen St E / Woodward Ave,43.665269,-79.319796,19,16,3,2026-03-15 05:18:30
7309,Queen St E / Rhodes Ave,43.666224,-79.317693,23,21,2,2026-03-15 05:18:30
7313,Emdaabiimok Ave / Lake Shore Blvd E,43.662771,-79.315223,15,15,0,2026-03-15 05:18:30
7314,Queen St. E / Eastern Ave,43.667208,-79.312315,15,13,2,2026-03-15 05:18:30
7315,Queen St E / Hammersmith Ave,43.671349,-79.29451,11,11,0,2026-03-15 05:18:30
7316,Queen St. E / Spruce Hill Rd.,43.672571,-79.289,15,15,0,2026-03-15 05:18:30
7317,Hubbard Blvd / Balsam Av,43.669328,-79.288949,19,19,0,2026-03-15 05:18:30
7318,Hubbard Blvd / Glen Manor Dr,43.668633,-79.291162,15,15,0,2026-03-15 05:18:30
7319,Lake Shore Blvd E / Knox Ave,43.660206,-79.3244,11,10,1,2026-03-15 05:18:30
7364,Queen St E / Nursewood Rd,43.673831,-79.281455,19,18,0,2026-03-15 05:18:30
7365,Kewbeach Ave / Kenilworth Ave,43.666325,-79.3014,23,23,0,2026-03-15 05:18:30
7427,Northern Dancer Blvd / Lake Shore Blvd E,43.663162,-79.309765,26,6,20,2026-03-15 05:18:30
7428,Woodbine Ave / Lake Shore Blvd E,43.665645,-79.304711,27,26,0,2026-03-15 05:18:30
7692,85 Lee Ave,43.6700692,-79.2971326,26,22,0,2026-03-15 05:18:30
7695,Queen St E / Joseph Duggan Rd,43.6677628,-79.30811709999999,19,17,1,2026-03-15 05:18:30
8190,1651 Queen St E,43.66669198937586,-79.31437376868756,27,27,0,2026-03-15 05:18:30
7303,Queen St E / Woodward Ave,43.665269,-79.319796,19,16,3,2026-03-15 06:35:04
7309,Queen St E / Rhodes Ave,43.666224,-79.317693,23,22,1,2026-03-15 06:35:04
7313,Emdaabiimok Ave / Lake Shore Blvd E,43.662771,-79.315223,15,15,0,2026-03-15 06:35:04
7314,Queen St. E / Eastern Ave,43.667208,-79.312315,15,13,2,2026-03-15 06:35:04
7315,Queen St E / Hammersmith Ave,43.671349,-79.29451,11,11,0,2026-03-15 06:35:04
7316,Queen St. E / Spruce Hill Rd.,43.672571,-79.289,15,15,0,2026-03-15 06:35:04
7317,Hubbard Blvd / Balsam Av,43.669328,-79.288949,19,19,0,2026-03-15 06:35:04
7318,Hubbard Blvd / Glen Manor Dr,43.668633,-79.291162,15,15,0,2026-03-15 06:35:04
7319,Lake Shore Blvd E / Knox Ave,43.660206,-79.3244,11,10,1,2026-03-15 06:35:04
7364,Queen St E / Nursewood Rd,43.673831,-79.281455,19,18,0,2026-03-15 06:35:04
7365,Kewbeach Ave / Kenilworth Ave,43.666325,-79.3014,23,23,0,2026-03-15 06:35:04
7427,Northern Dancer Blvd / Lake Shore Blvd E,43.663162,-79.309765,26,6,20,2026-03-15 06:35:04
7428,Woodbine Ave / Lake Shore Blvd E,43.665645,-79.304711,27,26,0,2026-03-15 06:35:04
7692,85 Lee Ave,43.6700692,-79.2971326,26,22,0,2026-03-15 06:35:04
7695,Queen St E / Joseph Duggan Rd,43.6677628,-79.30811709999999,19,17,1,2026-03-15 06:35:04
8190,1651 Queen St E,43.66669198937586,-79.31437376868756,27,27,0,2026-03-15 06:35:04
7303,Queen St E / Woodward Ave,43.665269,-79.319796,19,16,3,2026-03-15 07:49:38
7309,Queen St E / Rhodes Ave,43.666224,-79.317693,23,22,1,2026-03-15 07:49:38
7313,Emdaabiimok Ave / Lake Shore Blvd E,43.662771,-79.315223,15,15,0,2026-03-15 07:49:38
7314,Queen St. E / Eastern Ave,43.667208,-79.312315,15,13,2,2026-03-15 07:49:38
7315,Queen St E / Hammersmith Ave,43.671349,-79.29451,11,11,0,2026-03-15 07:49:38
7316,Queen St. E / Spruce Hill Rd.,43.672571,-79.289,15,15,0,2026-03-15 07:49:38
7317,Hubbard Blvd / Balsam Av,43.669328,-79.288949,19,19,0,2026-03-15 07:49:38
7318,Hubbard Blvd / Glen Manor Dr,43.668633,-79.291162,15,15,0,2026-03-15 07:49:38
7319,Lake Shore Blvd E / Knox Ave,43.660206,-79.3244,11,10,1,2026-03-15 07:49:38
7364,Queen St E / Nursewood Rd,43.673831,-79.281455,19,18,0,2026-03-15 07:49:38
7365,Kewbeach Ave / Kenilworth Ave,43.666325,-79.3014,23,23,0,2026-03-15 07:49:38
7427,Northern Dancer Blvd / Lake Shore Blvd E,43.663162,-79.309765,26,6,20,2026-03-15 07:49:38
7428,Woodbine Ave / Lake Shore Blvd E,43.665645,-79.304711,27,26,0,2026-03-15 07:49:38
7692,85 Lee Ave,43.6700692,-79.2971326,26,22,0,2026-03-15 07:49:38
7695,Queen St E / Joseph Duggan Rd,43.6677628,-79.30811709999999,19,17,1,2026-03-15 07:49:38
8190,1651 Queen St E,43.66669198937586,-79.31437376868756,27,27,0,2026-03-15 07:49:38
7303,Queen St E / Woodward Ave,43.665269,-79.319796,19,16,3,2026-03-15 08:48:48
7309,Queen St E / Rhodes Ave,43.666224,-79.317693,23,22,1,2026-03-15 08:48:48
7313,Emdaabiimok Ave / Lake Shore Blvd E,43.662771,-79.315223,15,15,0,2026-03-15 08:48:48
7314,Queen St. E / Eastern Ave,43.667208,-79.312315,15,13,2,2026-03-15 08:48:48
7315,Queen St E / Hammersmith Ave,43.671349,-79.29451,11,11,0,2026-03-15 08:48:48
7316,Queen St. E / Spruce Hill Rd.,43.672571,-79.289,15,15,0,2026-03-15 08:48:48
7317,Hubbard Blvd / Balsam Av,43.669328,-79.288949,19,19,0,2026-03-15 08:48:48
7318,Hubbard Blvd / Glen Manor Dr,43.668633,-79.291162,15,15,0,2026-03-15 08:48:48
7319,Lake Shore Blvd E / Knox Ave,43.660206,-79.3244,11,10,1,2026-03-15 08:48:48
7364,Queen St E / Nursewood Rd,43.673831,-79.281455,19,18,0,2026-03-15 08:48:48
7365,Kewbeach Ave / Kenilworth Ave,43.666325,-79.3014,23,23,0,2026-03-15 08:48:48
7427,Northern Dancer Blvd / Lake Shore Blvd E,43.663162,-79.309765,26,6,20,2026-03-15 08:48:48
7428,Woodbine Ave / Lake Shore Blvd E,43.665645,-79.304711,27,26,0,2026-03-15 08:48:48
7692,85 Lee Ave,43.6700692,-79.2971326,26,22,0,2026-03-15 08:48:48
7695,Queen St E / Joseph Duggan Rd,43.6677628,-79.30811709999999,19,17,1,2026-03-15 08:48:48
8190,1651 Queen St E,43.66669198937586,-79.31437376868756,27,27,0,2026-03-15 08:48:48
7303,Queen St E / Woodward Ave,43.665269,-79.319796,19,16,3,2026-03-15 09:42:37
7309,Queen St E / Rhodes Ave,43.666224,-79.317693,23,22,1,2026-03-15 09:42:37
7313,Emdaabiimok Ave / Lake Shore Blvd E,43.662771,-79.315223,15,15,0,2026-03-15 09:42:37
7314,Queen St. E / Eastern Ave,43.667208,-79.312315,15,13,2,2026-03-15 09:42:37
7315,Queen St E / Hammersmith Ave,43.671349,-79.29451,11,11,0,2026-03-15 09:42:37
7316,Queen St. E / Spruce Hill Rd.,43.672571,-79.289,15,15,0,2026-03-15 09:42:37
7317,Hubbard Blvd / Balsam Av,43.669328,-79.288949,19,19,0,2026-03-15 09:42:37
7318,Hubbard Blvd / Glen Manor Dr,43.668633,-79.291162,15,15,0,2026-03-15 09:42:37
7319,Lake Shore Blvd E / Knox Ave,43.660206,-79.3244,11,10,1,2026-03-15 09:42:37
7364,Queen St E / Nursewood Rd,43.673831,-79.281455,19,18,0,2026-03-15 09:42:37
7365,Kewbeach Ave / Kenilworth Ave,43.666325,-79.3014,23,23,0,2026-03-15 09:42:37
7427,Northern Dancer Blvd / Lake Shore Blvd E,43.663162,-79.309765,26,6,20,2026-03-15 09:42:37
7428,Woodbine Ave / Lake Shore Blvd E,43.665645,-79.304711,27,26,0,2026-03-15 09:42:37
7692,85 Lee Ave,43.6700692,-79.2971326,26,22,0,2026-03-15 09:42:37
7695,Queen St E / Joseph Duggan Rd,43.6677628,-79.30811709999999,19,17,1,2026-03-15 09:42:37
8190,1651 Queen St E,43.66669198937586,-79.31437376868756,27,27,0,2026-03-15 09:42:37
7303,Queen St E / Woodward Ave,43.665269,-79.319796,19,16,3,2026-03-15 10:38:33
7309,Queen St E / Rhodes Ave,43.666224,-79.317693,23,22,1,2026-03-15 10:38:33
7313,Emdaabiimok Ave / Lake Shore Blvd E,43.662771,-79.315223,15,15,0,2026-03-15 10:38:33
7314,Queen St. E / Eastern Ave,43.667208,-79.312315,15,13,2,2026-03-15 10:38:33
7315,Queen St E / Hammersmith Ave,43.671349,-79.29451,11,11,0,2026-03-15 10:38:33
7316,Queen St. E / Spruce Hill Rd.,43.672571,-79.289,15,15,0,2026-03-15 10:38:33
7317,Hubbard Blvd / Balsam Av,43.669328,-79.288949,19,19,0,2026-03-15 10:38:33
7318,Hubbard Blvd / Glen Manor Dr,43.668633,-79.291162,15,15,0,2026-03-15 10:38:33
7319,Lake Shore Blvd E / Knox Ave,43.660206,-79.3244,11,10,1,2026-03-15 10:38:33
7364,Queen St E / Nursewood Rd,43.673831,-79.281455,19,18,0,2026-03-15 10:38:33
7365,Kewbeach Ave / Kenilworth Ave,43.666325,-79.3014,23,23,0,2026-03-15 10:38:33
7427,Northern Dancer Blvd / Lake Shore Blvd E,43.663162,-79.309765,26,6,20,2026-03-15 10:38:33
7428,Woodbine Ave / Lake Shore Blvd E,43.665645,-79.304711,27,27,0,2026-03-15 10:38:33
7692,85 Lee Ave,43.6700692,-79.2971326,26,22,0,2026-03-15 10:38:33
7695,Queen St E / Joseph Duggan Rd,43.6677628,-79.30811709999999,19,17,2,2026-03-15 10:38:33
8190,1651 Queen St E,43.66669198937586,-79.31437376868756,27,27,0,2026-03-15 10:38:33
7303,Queen St E / Woodward Ave,43.665269,-79.319796,19,16,3,2026-03-15 11:33:43
7309,Queen St E / Rhodes Ave,43.666224,-79.317693,23,22,1,2026-03-15 11:33:43
7313,Emdaabiimok Ave / Lake Shore Blvd E,43.662771,-79.315223,15,15,0,2026-03-15 11:33:43
7314,Queen St. E / Eastern Ave,43.667208,-79.312315,15,13,2,2026-03-15 11:33:43
7315,Queen St E / Hammersmith Ave,43.671349,-79.29451,11,11,0,2026-03-15 11:33:43
7316,Queen St. E / Spruce Hill Rd.,43.672571,-79.289,15,15,0,2026-03-15 11:33:43
7317,Hubbard Blvd / Balsam Av,43.669328,-79.288949,19,19,0,2026-03-15 11:33:43
7318,Hubbard Blvd / Glen Manor Dr,43.668633,-79.291162,15,15,0,2026-03-15 11:33:43
7319,Lake Shore Blvd E / Knox Ave,43.660206,-79.3244,11,10,1,2026-03-15 11:33:43
7364,Queen St E / Nursewood Rd,43.673831,-79.281455,19,18,0,2026-03-15 11:33:43
7365,Kewbeach Ave / Kenilworth Ave,43.666325,-79.3014,23,23,0,2026-03-15 11:33:43
7427,Northern Dancer Blvd / Lake Shore Blvd E,43.663162,-79.309765,26,6,20,2026-03-15 11:33:43
7428,Woodbine Ave / Lake Shore Blvd E,43.665645,-79.304711,27,27,0,2026-03-15 11:33:43
7692,85 Lee Ave,43.6700692,-79.2971326,26,22,0,2026-03-15 11:33:43
7695,Queen St E / Joseph Duggan Rd,43.6677628,-79.30811709999999,19,17,2,2026-03-15 11:33:43
8190,1651 Queen St E,43.66669198937586,-79.31437376868756,27,27,0,2026-03-15 11:33:43
7303,Queen St E / Woodward Ave,43.665269,-79.319796,19,16,3,2026-03-15 13:09:27
7309,Queen St E / Rhodes Ave,43.666224,-79.317693,23,22,1,2026-03-15 13:09:27
7313,Emdaabiimok Ave / Lake Shore Blvd E,43.662771,-79.315223,15,15,0,2026-03-15 13:09:27
7314,Queen St. E / Eastern Ave,43.667208,-79.312315,15,13,2,2026-03-15 13:09:27
7315,Queen St E / Hammersmith Ave,43.671349,-79.29451,11,11,0,2026-03-15 13:09:27
7316,Queen St. E / Spruce Hill Rd.,43.672571,-79.289,15,15,0,2026-03-15 13:09:27
7317,Hubbard Blvd / Balsam Av,43.669328,-79.288949,19,19,0,2026-03-15 13:09:27
7318,Hubbard Blvd / Glen Manor Dr,43.668633,-79.291162,15,15,0,2026-03-15 13:09:27
7319,Lake Shore Blvd E / Knox Ave,43.660206,-79.3244,11,10,1,2026-03-15 13:09:27
7364,Queen St E / Nursewood Rd,43.673831,-79.281455,19,18,0,2026-03-15 13:09:27
7365,Kewbeach Ave / Kenilworth Ave,43.666325,-79.3014,23,23,0,2026-03-15 13:09:27
7427,Northern Dancer Blvd / Lake Shore Blvd E,43.663162,-79.309765,26,6,20,2026-03-15 13:09:27
7428,Woodbine Ave / Lake Shore Blvd E,43.665645,-79.304711,27,27,0,2026-03-15 13:09:27
7692,85 Lee Ave,43.6700692,-79.2971326,26,22,0,2026-03-15 13:09:27
7695,Queen St E / Joseph Duggan Rd,43.6677628,-79.30811709999999,19,17,2,2026-03-15 13:09:27
8190,1651 Queen St E,43.66669198937586,-79.31437376868756,27,27,0,2026-03-15 13:09:27
7303,Queen St E / Woodward Ave,43.665269,-79.319796,19,16,3,2026-03-15 14:03:25
7309,Queen St E / Rhodes Ave,43.666224,-79.317693,23,22,1,2026-03-15 14:03:25
7313,Emdaabiimok Ave / Lake Shore Blvd E,43.662771,-79.315223,15,15,0,2026-03-15 14:03:25
7314,Queen St. E / Eastern Ave,43.667208,-79.312315,15,13,2,2026-03-15 14:03:25
7315,Queen St E / Hammersmith Ave,43.671349,-79.29451,11,11,0,2026-03-15 14:03:25
7316,Queen St. E / Spruce Hill Rd.,43.672571,-79.289,15,15,0,2026-03-15 14:03:25
7317,Hubbard Blvd / Balsam Av,43.669328,-79.288949,19,19,0,2026-03-15 14:03:25
7318,Hubbard Blvd / Glen Manor Dr,43.668633,-79.291162,15,15,0,2026-03-15 14:03:25
7319,Lake Shore Blvd E / Knox Ave,43.660206,-79.3244,11,10,1,2026-03-15 14:03:25
7364,Queen St E / Nursewood Rd,43.673831,-79.281455,19,18,0,2026-03-15 14:03:25
7365,Kewbeach Ave / Kenilworth Ave,43.666325,-79.3014,23,23,0,2026-03-15 14:03:25
7427,Northern Dancer Blvd / Lake Shore Blvd E,43.663162,-79.309765,26,6,20,2026-03-15 14:03:25
7428,Woodbine Ave / Lake Shore Blvd E,43.665645,-79.304711,27,27,0,2026-03-15 14:03:25
7692,85 Lee Ave,43.6700692,-79.2971326,26,22,0,2026-03-15 14:03:25
7695,Queen St E / Joseph Duggan Rd,43.6677628,-79.30811709999999,19,17,2,2026-03-15 14:03:25
8190,1651 Queen St E,43.66669198937586,-79.31437376868756,27,27,0,2026-03-15 14:03:25
7303,Queen St E / Woodward Ave,43.665269,-79.319796,19,16,3,2026-03-15 14:57:20
7309,Queen St E / Rhodes Ave,43.666224,-79.317693,23,22,1,2026-03-15 14:57:20
7313,Emdaabiimok Ave / Lake Shore Blvd E,43.662771,-79.315223,15,15,0,2026-03-15 14:57:20
7314,Queen St. E / Eastern Ave,43.667208,-79.312315,15,13,2,2026-03-15 14:57:20
7315,Queen St E / Hammersmith Ave,43.671349,-79.29451,11,11,0,2026-03-15 14:57:20
7316,Queen St. E / Spruce Hill Rd.,43.672571,-79.289,15,15,0,2026-03-15 14:57:20
7317,Hubbard Blvd / Balsam Av,43.669328,-79.288949,19,19,0,2026-03-15 14:57:20
7318,Hubbard Blvd / Glen Manor Dr,43.668633,-79.291162,15,15,0,2026-03-15 14:57:20
7319,Lake Shore Blvd E / Knox Ave,43.660206,-79.3244,11,10,1,2026-03-15 14:57:20
7364,Queen St E / Nursewood Rd,43.673831,-79.281455,19,18,0,2026-03-15 14:57:20
7365,Kewbeach Ave / Kenilworth Ave,43.666325,-79.3014,23,23,0,2026-03-15 14:57:20
7427,Northern Dancer Blvd / Lake Shore Blvd E,43.663162,-79.309765,26,6,20,2026-03-15 14:57:20
7428,Woodbine Ave / Lake Shore Blvd E,43.665645,-79.304711,27,27,0,2026-03-15 14:57:20
7692,85 Lee Ave,43.6700692,-79.2971326,26,22,0,2026-03-15 14:57:20
7695,Queen St E / Joseph Duggan Rd,43.6677628,-79.30811709999999,19,17,2,2026-03-15 14:57:20
8190,1651 Queen St E,43.66669198937586,-79.31437376868756,27,27,0,2026-03-15 14:57:20
7303,Queen St E / Woodward Ave,43.665269,-79.319796,19,16,3,2026-03-15 15:38:19
7309,Queen St E / Rhodes Ave,43.666224,-79.317693,23,22,1,2026-03-15 15:38:19
7313,Emdaabiimok Ave / Lake Shore Blvd E,43.662771,-79.315223,15,15,0,2026-03-15 15:38:19
7314,Queen St. E / Eastern Ave,43.667208,-79.312315,15,13,2,2026-03-15 15:38:19
7315,Queen St E / Hammersmith Ave,43.671349,-79.29451,11,11,0,2026-03-15 15:38:19
7316,Queen St. E / Spruce Hill Rd.,43.672571,-79.289,15,15,0,2026-03-15 15:38:19
7317,Hubbard Blvd / Balsam Av,43.669328,-79.288949,19,19,0,2026-03-15 15:38:19
7318,Hubbard Blvd / Glen Manor Dr,43.668633,-79.291162,15,15,0,2026-03-15 15:38:19
7319,Lake Shore Blvd E / Knox Ave,43.660206,-79.3244,11,10,1,2026-03-15 15:38:19
7364,Queen St E / Nursewood Rd,43.673831,-79.281455,19,18,0,2026-03-15 15:38:19
7365,Kewbeach Ave / Kenilworth Ave,43.666325,-79.3014,23,23,0,2026-03-15 15:38:19
7427,Northern Dancer Blvd / Lake Shore Blvd E,43.663162,-79.309765,26,6,20,2026-03-15 15:38:19
7428,Woodbine Ave / Lake Shore Blvd E,43.665645,-79.304711,27,27,0,2026-03-15 15:38:19
7692,85 Lee Ave,43.6700692,-79.2971326,26,22,0,2026-03-15 15:38:19
7695,Queen St E / Joseph Duggan Rd,43.6677628,-79.30811709999999,19,17,2,2026-03-15 15:38:19
8190,1651 Queen St E,43.66669198937586,-79.31437376868756,27,27,0,2026-03-15 15:38:19
7303,Queen St E / Woodward Ave,43.665269,-79.319796,19,16,3,2026-03-15 16:41:32
7309,Queen St E / Rhodes Ave,43.666224,-79.317693,23,22,1,2026-03-15 16:41:32
7313,Emdaabiimok Ave / Lake Shore Blvd E,43.662771,-79.315223,15,15,0,2026-03-15 16:41:32
7314,Queen St. E / Eastern Ave,43.667208,-79.312315,15,12,3,2026-03-15 16:41:32
7315,Queen St E / Hammersmith Ave,43.671349,-79.29451,11,11,0,2026-03-15 16:41:32
7316,Queen St. E / Spruce Hill Rd.,43.672571,-79.289,15,15,0,2026-03-15 16:41:32
7317,Hubbard Blvd / Balsam Av,43.669328,-79.288949,19,19,0,2026-03-15 16:41:32
7318,Hubbard Blvd / Glen Manor Dr,43.668633,-79.291162,15,15,0,2026-03-15 16:41:32
7319,Lake Shore Blvd E / Knox Ave,43.660206,-79.3244,11,10,1,2026-03-15 16:41:32
7364,Queen St E / Nursewood Rd,43.673831,-79.281455,19,18,0,2026-03-15 16:41:32
7365,Kewbeach Ave / Kenilworth Ave,43.666325,-79.3014,23,23,0,2026-03-15 16:41:32
7427,Northern Dancer Blvd / Lake Shore Blvd E,43.663162,-79.309765,26,6,20,2026-03-15 16:41:32
7428,Woodbine Ave / Lake Shore Blvd E,43.665645,-79.304711,27,27,0,2026-03-15 16:41:32
7692,85 Lee Ave,43.6700692,-79.2971326,26,22,0,2026-03-15 16:41:32
7695,Queen St E / Joseph Duggan Rd,43.6677628,-79.30811709999999,19,17,2,2026-03-15 16:41:32
8190,1651 Queen St E,43.66669198937586,-79.31437376868756,27,27,0,2026-03-15 16:41:32
7303,Queen St E / Woodward Ave,43.665269,-79.319796,19,16,3,2026-03-15 17:35:37
7309,Queen St E / Rhodes Ave,43.666224,-79.317693,23,22,1,2026-03-15 17:35:37
7313,Emdaabiimok Ave / Lake Shore Blvd E,43.662771,-79.315223,15,15,0,2026-03-15 17:35:37
7314,Queen St. E / Eastern Ave,43.667208,-79.312315,15,12,3,2026-03-15 17:35:37
7315,Queen St E / Hammersmith Ave,43.671349,-79.29451,11,11,0,2026-03-15 17:35:37
7316,Queen St. E / Spruce Hill Rd.,43.672571,-79.289,15,5,10,2026-03-15 17:35:37
7317,Hubbard Blvd / Balsam Av,43.669328,-79.288949,19,19,0,2026-03-15 17:35:37
7318,Hubbard Blvd / Glen Manor Dr,43.668633,-79.291162,15,15,0,2026-03-15 17:35:37
7319,Lake Shore Blvd E / Knox Ave,43.660206,-79.3244,11,10,1,2026-03-15 17:35:37
7364,Queen St E / Nursewood Rd,43.673831,-79.281455,19,18,0,2026-03-15 17:35:37
7365,Kewbeach Ave / Kenilworth Ave,43.666325,-79.3014,23,23,0,2026-03-15 17:35:37
7427,Northern Dancer Blvd / Lake Shore Blvd E,43.663162,-79.309765,26,6,20,2026-03-15 17:35:37
7428,Woodbine Ave / Lake Shore Blvd E,43.665645,-79.304711,27,27,0,2026-03-15 17:35:37
7692,85 Lee Ave,43.6700692,-79.2971326,26,22,0,2026-03-15 17:35:37
7695,Queen St E / Joseph Duggan Rd,43.6677628,-79.30811709999999,19,17,2,2026-03-15 17:35:37
8190,1651 Queen St E,43.66669198937586,-79.31437376868756,27,27,0,2026-03-15 17:35:37
7303,Queen St E / Woodward Ave,43.665269,-79.319796,19,15,4,2026-03-15 18:52:04
7309,Queen St E / Rhodes Ave,43.666224,-79.317693,23,22,1,2026-03-15 18:52:04
7313,Emdaabiimok Ave / Lake Shore Blvd E,43.662771,-79.315223,15,15,0,2026-03-15 18:52:04
7314,Queen St. E / Eastern Ave,43.667208,-79.312315,15,12,3,2026-03-15 18:52:04
7315,Queen St E / Hammersmith Ave,43.671349,-79.29451,11,11,0,2026-03-15 18:52:04
7316,Queen St. E / Spruce Hill Rd.,43.672571,-79.289,15,5,10,2026-03-15 18:52:04
7317,Hubbard Blvd / Balsam Av,43.669328,-79.288949,19,19,0,2026-03-15 18:52:04
7318,Hubbard Blvd / Glen Manor Dr,43.668633,-79.291162,15,15,0,2026-03-15 18:52:04
7319,Lake Shore Blvd E / Knox Ave,43.660206,-79.3244,11,10,1,2026-03-15 18:52:04
7364,Queen St E / Nursewood Rd,43.673831,-79.281455,19,18,0,2026-03-15 18:52:04
7365,Kewbeach Ave / Kenilworth Ave,43.666325,-79.3014,23,7,15,2026-03-15 18:52:04
7427,Northern Dancer Blvd / Lake Shore Blvd E,43.663162,-79.309765,26,6,20,2026-03-15 18:52:04
7428,Woodbine Ave / Lake Shore Blvd E,43.665645,-79.304711,27,27,0,2026-03-15 18:52:04
7692,85 Lee Ave,43.6700692,-79.2971326,26,22,0,2026-03-15 18:52:04
7695,Queen St E / Joseph Duggan Rd,43.6677628,-79.30811709999999,19,18,1,2026-03-15 18:52:04
8190,1651 Queen St E,43.66669198937586,-79.31437376868756,27,27,0,2026-03-15 18:52:04
7303,Queen St E / Woodward Ave,43.665269,-79.319796,19,15,4,2026-03-15 19:35:06
7309,Queen St E / Rhodes Ave,43.666224,-79.317693,23,22,1,2026-03-15 19:35:06
7313,Emdaabiimok Ave / Lake Shore Blvd E,43.662771,-79.315223,15,15,0,2026-03-15 19:35:06
7314,Queen St. E / Eastern Ave,43.667208,-79.312315,15,12,3,2026-03-15 19:35:06
7315,Queen St E / Hammersmith Ave,43.671349,-79.29451,11,11,0,2026-03-15 19:35:06
7316,Queen St. E / Spruce Hill Rd.,43.672571,-79.289,15,5,10,2026-03-15 19:35:06
7317,Hubbard Blvd / Balsam Av,43.669328,-79.288949,19,19,0,2026-03-15 19:35:06
7318,Hubbard Blvd / Glen Manor Dr,43.668633,-79.291162,15,15,0,2026-03-15 19:35:06
7319,Lake Shore Blvd E / Knox Ave,43.660206,-79.3244,11,10,1,2026-03-15 19:35:06
7364,Queen St E / Nursewood Rd,43.673831,-79.281455,19,18,0,2026-03-15 19:35:06
7365,Kewbeach Ave / Kenilworth Ave,43.666325,-79.3014,23,7,15,2026-03-15 19:35:06
7427,Northern Dancer Blvd / Lake Shore Blvd E,43.663162,-79.309765,26,6,20,2026-03-15 19:35:06
7428,Woodbine Ave / Lake Shore Blvd E,43.665645,-79.304711,27,27,0,2026-03-15 19:35:06
7692,85 Lee Ave,43.6700692,-79.2971326,26,22,0,2026-03-15 19:35:06
7695,Queen St E / Joseph Duggan Rd,43.6677628,-79.30811709999999,19,18,1,2026-03-15 19:35:06
8190,1651 Queen St E,43.66669198937586,-79.31437376868756,27,27,0,2026-03-15 19:35:06
7303,Queen St E / Woodward Ave,43.665269,-79.319796,19,17,2,2026-03-15 20:38:24
7309,Queen St E / Rhodes Ave,43.666224,-79.317693,23,22,1,2026-03-15 20:38:24
7313,Emdaabiimok Ave / Lake Shore Blvd E,43.662771,-79.315223,15,15,0,2026-03-15 20:38:24
7314,Queen St. E / Eastern Ave,43.667208,-79.312315,15,12,3,2026-03-15 20:38:24
7315,Queen St E / Hammersmith Ave,43.671349,-79.29451,11,10,1,2026-03-15 20:38:24
7316,Queen St. E / Spruce Hill Rd.,43.672571,-79.289,15,5,10,2026-03-15 20:38:24
7317,Hubbard Blvd / Balsam Av,43.669328,-79.288949,19,19,0,2026-03-15 20:38:24
7318,Hubbard Blvd / Glen Manor Dr,43.668633,-79.291162,15,15,0,2026-03-15 20:38:24
7319,Lake Shore Blvd E / Knox Ave,43.660206,-79.3244,11,10,1,2026-03-15 20:38:24
7364,Queen St E / Nursewood Rd,43.673831,-79.281455,19,18,0,2026-03-15 20:38:24
7365,Kewbeach Ave / Kenilworth Ave,43.666325,-79.3014,23,7,15,2026-03-15 20:38:24
7427,Northern Dancer Blvd / Lake Shore Blvd E,43.663162,-79.309765,26,6,20,2026-03-15 20:38:24
7428,Woodbine Ave / Lake Shore Blvd E,43.665645,-79.304711,27,27,0,2026-03-15 20:38:24
7692,85 Lee Ave,43.6700692,-79.2971326,26,22,0,2026-03-15 20:38:24
7695,Queen St E / Joseph Duggan Rd,43.6677628,-79.30811709999999,19,14,5,2026-03-15 20:38:24
8190,1651 Queen St E,43.66669198937586,-79.31437376868756,27,22,5,2026-03-15 20:38:24
7303,Queen St E / Woodward Ave,43.665269,-79.319796,19,17,2,2026-03-15 21:34:56
7309,Queen St E / Rhodes Ave,43.666224,-79.317693,23,22,1,2026-03-15 21:34:56
7313,Emdaabiimok Ave / Lake Shore Blvd E,43.662771,-79.315223,15,15,0,2026-03-15 21:34:56
7314,Queen St. E / Eastern Ave,43.667208,-79.312315,15,12,3,2026-03-15 21:34:56
7315,Queen St E / Hammersmith Ave,43.671349,-79.29451,11,10,1,2026-03-15 21:34:56
7316,Queen St. E / Spruce Hill Rd.,43.672571,-79.289,15,5,10,2026-03-15 21:34:56
7317,Hubbard Blvd / Balsam Av,43.669328,-79.288949,19,19,0,2026-03-15 21:34:56
7318,Hubbard Blvd / Glen Manor Dr,43.668633,-79.291162,15,15,0,2026-03-15 21:34:56
7319,Lake Shore Blvd E / Knox Ave,43.660206,-79.3244,11,10,1,2026-03-15 21:34:56
7364,Queen St E / Nursewood Rd,43.673831,-79.281455,19,18,0,2026-03-15 21:34:56
7365,Kewbeach Ave / Kenilworth Ave,43.666325,-79.3014,23,8,14,2026-03-15 21:34:56
7427,Northern Dancer Blvd / Lake Shore Blvd E,43.663162,-79.309765,26,6,20,2026-03-15 21:34:56
7428,Woodbine Ave / Lake Shore Blvd E,43.665645,-79.304711,27,27,0,2026-03-15 21:34:56
7692,85 Lee Ave,43.6700692,-79.2971326,26,21,1,2026-03-15 21:34:56
7695,Queen St E / Joseph Duggan Rd,43.6677628,-79.30811709999999,19,15,4,2026-03-15 21:34:56
8190,1651 Queen St E,43.66669198937586,-79.31437376868756,27,22,5,2026-03-15 21:34:56
7303,Queen St E / Woodward Ave,43.665269,-79.319796,19,17,2,2026-03-15 22:35:53
7309,Queen St E / Rhodes Ave,43.666224,-79.317693,23,22,1,2026-03-15 22:35:53
7313,Emdaabiimok Ave / Lake Shore Blvd E,43.662771,-79.315223,15,15,0,2026-03-15 22:35:53
7314,Queen St. E / Eastern Ave,43.667208,-79.312315,15,13,2,2026-03-15 22:35:53
7315,Queen St E / Hammersmith Ave,43.671349,-79.29451,11,10,1,2026-03-15 22:35:53
7316,Queen St. E / Spruce Hill Rd.,43.672571,-79.289,15,5,10,2026-03-15 22:35:53
7317,Hubbard Blvd / Balsam Av,43.669328,-79.288949,19,18,1,2026-03-15 22:35:53
7318,Hubbard Blvd / Glen Manor Dr,43.668633,-79.291162,15,15,0,2026-03-15 22:35:53
7319,Lake Shore Blvd E / Knox Ave,43.660206,-79.3244,11,10,1,2026-03-15 22:35:53
7364,Queen St E / Nursewood Rd,43.673831,-79.281455,19,18,0,2026-03-15 22:35:53
7365,Kewbeach Ave / Kenilworth Ave,43.666325,-79.3014,23,8,14,2026-03-15 22:35:53
7427,Northern Dancer Blvd / Lake Shore Blvd E,43.663162,-79.309765,26,6,20,2026-03-15 22:35:53
7428,Woodbine Ave / Lake Shore Blvd E,43.665645,-79.304711,27,27,0,2026-03-15 22:35:53
7692,85 Lee Ave,43.6700692,-79.2971326,26,21,1,2026-03-15 22:35:53
7695,Queen St E / Joseph Duggan Rd,43.6677628,-79.30811709999999,19,15,4,2026-03-15 22:35:53
8190,1651 Queen St E,43.66669198937586,-79.31437376868756,27,22,5,2026-03-15 22:35:53
7303,Queen St E / Woodward Ave,43.665269,-79.319796,19,17,2,2026-03-15 23:37:14
7309,Queen St E / Rhodes Ave,43.666224,-79.317693,23,22,1,2026-03-15 23:37:14
7313,Emdaabiimok Ave / Lake Shore Blvd E,43.662771,-79.315223,15,15,0,2026-03-15 23:37:14
7314,Queen St. E / Eastern Ave,43.667208,-79.312315,15,13,2,2026-03-15 23:37:14
7315,Queen St E / Hammersmith Ave,43.671349,-79.29451,11,10,1,2026-03-15 23:37:14
7316,Queen St. E / Spruce Hill Rd.,43.672571,-79.289,15,5,10,2026-03-15 23:37:14
7317,Hubbard Blvd / Balsam Av,43.669328,-79.288949,19,18,1,2026-03-15 23:37:14
7318,Hubbard Blvd / Glen Manor Dr,43.668633,-79.291162,15,15,0,2026-03-15 23:37:14
7319,Lake Shore Blvd E / Knox Ave,43.660206,-79.3244,11,10,1,2026-03-15 23:37:14
7364,Queen St E / Nursewood Rd,43.673831,-79.281455,19,18,0,2026-03-15 23:37:14
7365,Kewbeach Ave / Kenilworth Ave,43.666325,-79.3014,23,8,14,2026-03-15 23:37:14
7427,Northern Dancer Blvd / Lake Shore Blvd E,43.663162,-79.309765,26,6,20,2026-03-15 23:37:14
7428,Woodbine Ave / Lake Shore Blvd E,43.665645,-79.304711,27,27,0,2026-03-15 23:37:14
7692,85 Lee Ave,43.6700692,-79.2971326,26,22,0,2026-03-15 23:37:14
7695,Queen St E / Joseph Duggan Rd,43.6677628,-79.30811709999999,19,15,4,2026-03-15 23:37:14
8190,1651 Queen St E,43.66669198937586,-79.31437376868756,27,22,5,2026-03-15 23:37:14
7303,Queen St E / Woodward Ave,43.665269,-79.319796,19,18,1,2026-03-16 03:21:18
7309,Queen St E / Rhodes Ave,43.666224,-79.317693,23,22,1,2026-03-16 03:21:18
7313,Emdaabiimok Ave / Lake Shore Blvd E,43.662771,-79.315223,15,15,0,2026-03-16 03:21:18
7314,Queen St. E / Eastern Ave,43.667208,-79.312315,15,14,1,2026-03-16 03:21:18
7315,Queen St E / Hammersmith Ave,43.671349,-79.29451,11,10,1,2026-03-16 03:21:18
7316,Queen St. E / Spruce Hill Rd.,43.672571,-79.289,15,5,10,2026-03-16 03:21:18
7317,Hubbard Blvd / Balsam Av,43.669328,-79.288949,19,18,1,2026-03-16 03:21:18
7318,Hubbard Blvd / Glen Manor Dr,43.668633,-79.291162,15,15,0,2026-03-16 03:21:18
7319,Lake Shore Blvd E / Knox Ave,43.660206,-79.3244,11,10,1,2026-03-16 03:21:18
7364,Queen St E / Nursewood Rd,43.673831,-79.281455,19,18,0,2026-03-16 03:21:18
7365,Kewbeach Ave / Kenilworth Ave,43.666325,-79.3014,23,8,14,2026-03-16 03:21:18
7427,Northern Dancer Blvd / Lake Shore Blvd E,43.663162,-79.309765,26,6,20,2026-03-16 03:21:18
7428,Woodbine Ave / Lake Shore Blvd E,43.665645,-79.304711,27,27,0,2026-03-16 03:21:18
7692,85 Lee Ave,43.6700692,-79.2971326,26,21,1,2026-03-16 03:21:18
7695,Queen St E / Joseph Duggan Rd,43.6677628,-79.30811709999999,19,16,3,2026-03-16 03:21:18
8190,1651 Queen St E,43.66669198937586,-79.31437376868756,27,22,5,2026-03-16 03:21:18
7303,Queen St E / Woodward Ave,43.665269,-79.319796,19,18,1,2026-03-16 05:29:30
7309,Queen St E / Rhodes Ave,43.666224,-79.317693,23,22,1,2026-03-16 05:29:30
7313,Emdaabiimok Ave / Lake Shore Blvd E,43.662771,-79.315223,15,15,0,2026-03-16 05:29:30
7314,Queen St. E / Eastern Ave,43.667208,-79.312315,15,14,1,2026-03-16 05:29:30
7315,Queen St E / Hammersmith Ave,43.671349,-79.29451,11,11,0,2026-03-16 05:29:30
7316,Queen St. E / Spruce Hill Rd.,43.672571,-79.289,15,5,10,2026-03-16 05:29:30
7317,Hubbard Blvd / Balsam Av,43.669328,-79.288949,19,18,1,2026-03-16 05:29:30
7318,Hubbard Blvd / Glen Manor Dr,43.668633,-79.291162,15,15,0,2026-03-16 05:29:30
7319,Lake Shore Blvd E / Knox Ave,43.660206,-79.3244,11,10,1,2026-03-16 05:29:30
7364,Queen St E / Nursewood Rd,43.673831,-79.281455,19,18,0,2026-03-16 05:29:30
7365,Kewbeach Ave / Kenilworth Ave,43.666325,-79.3014,23,8,14,2026-03-16 05:29:30
7427,Northern Dancer Blvd / Lake Shore Blvd E,43.663162,-79.309765,26,6,20,2026-03-16 05:29:30
7428,Woodbine Ave / Lake Shore Blvd E,43.665645,-79.304711,27,27,0,2026-03-16 05:29:30
7692,85 Lee Ave,43.6700692,-79.2971326,26,21,1,2026-03-16 05:29:30
7695,Queen St E / Joseph Duggan Rd,43.6677628,-79.30811709999999,19,16,3,2026-03-16 05:29:30
8190,1651 Queen St E,43.66669198937586,-79.31437376868756,27,22,5,2026-03-16 05:29:30
7303,Queen St E / Woodward Ave,43.665269,-79.319796,19,18,1,2026-03-16 06:55:50
7309,Queen St E / Rhodes Ave,43.666224,-79.317693,23,22,1,2026-03-16 06:55:50
7313,Emdaabiimok Ave / Lake Shore Blvd E,43.662771,-79.315223,15,15,0,2026-03-16 06:55:50
7314,Queen St. E / Eastern Ave,43.667208,-79.312315,15,14,1,2026-03-16 06:55:50
7315,Queen St E / Hammersmith Ave,43.671349,-79.29451,11,11,0,2026-03-16 06:55:50
7316,Queen St. E / Spruce Hill Rd.,43.672571,-79.289,15,5,10,2026-03-16 06:55:50
7317,Hubbard Blvd / Balsam Av,43.669328,-79.288949,19,18,1,2026-03-16 06:55:50
7318,Hubbard Blvd / Glen Manor Dr,43.668633,-79.291162,15,15,0,2026-03-16 06:55:50
7319,Lake Shore Blvd E / Knox Ave,43.660206,-79.3244,11,10,1,2026-03-16 06:55:50
7364,Queen St E / Nursewood Rd,43.673831,-79.281455,19,18,0,2026-03-16 06:55:50
7365,Kewbeach Ave / Kenilworth Ave,43.666325,-79.3014,23,8,14,2026-03-16 06:55:50
7427,Northern Dancer Blvd / Lake Shore Blvd E,43.663162,-79.309765,26,6,20,2026-03-16 06:55:50
7428,Woodbine Ave / Lake Shore Blvd E,43.665645,-79.304711,27,27,0,2026-03-16 06:55:50
7692,85 Lee Ave,43.6700692,-79.2971326,26,21,1,2026-03-16 06:55:50
7695,Queen St E / Joseph Duggan Rd,43.6677628,-79.30811709999999,19,16,3,2026-03-16 06:55:50
8190,1651 Queen St E,43.66669198937586,-79.31437376868756,27,22,5,2026-03-16 06:55:50
7303,Queen St E / Woodward Ave,43.665269,-79.319796,19,18,1,2026-03-16 08:12:16
7309,Queen St E / Rhodes Ave,43.666224,-79.317693,23,22,1,2026-03-16 08:12:16
7313,Emdaabiimok Ave / Lake Shore Blvd E,43.662771,-79.315223,15,15,0,2026-03-16 08:12:16
7314,Queen St. E / Eastern Ave,43.667208,-79.312315,15,14,1,2026-03-16 08:12:16
7315,Queen St E / Hammersmith Ave,43.671349,-79.29451,11,11,0,2026-03-16 08:12:16
7316,Queen St. E / Spruce Hill Rd.,43.672571,-79.289,15,5,10,2026-03-16 08:12:16
7317,Hubbard Blvd / Balsam Av,43.669328,-79.288949,19,18,1,2026-03-16 08:12:16
7318,Hubbard Blvd / Glen Manor Dr,43.668633,-79.291162,15,15,0,2026-03-16 08:12:16
7319,Lake Shore Blvd E / Knox Ave,43.660206,-79.3244,11,10,1,2026-03-16 08:12:16
7364,Queen St E / Nursewood Rd,43.673831,-79.281455,19,18,0,2026-03-16 08:12:16
7365,Kewbeach Ave / Kenilworth Ave,43.666325,-79.3014,23,8,14,2026-03-16 08:12:16
7427,Northern Dancer Blvd / Lake Shore Blvd E,43.663162,-79.309765,26,6,20,2026-03-16 08:12:16
7428,Woodbine Ave / Lake Shore Blvd E,43.665645,-79.304711,27,27,0,2026-03-16 08:12:16
7692,85 Lee Ave,43.6700692,-79.2971326,26,21,1,2026-03-16 08:12:16
7695,Queen St E / Joseph Duggan Rd,43.6677628,-79.30811709999999,19,16,3,2026-03-16 08:12:16
8190,1651 Queen St E,43.66669198937586,-79.31437376868756,27,22,5,2026-03-16 08:12:16
7303,Queen St E / Woodward Ave,43.665269,-79.319796,19,18,1,2026-03-16 09:42:14
7309,Queen St E / Rhodes Ave,43.666224,-79.317693,23,22,1,2026-03-16 09:42:14
7313,Emdaabiimok Ave / Lake Shore Blvd E,43.662771,-79.315223,15,15,0,2026-03-16 09:42:14
7314,Queen St. E / Eastern Ave,43.667208,-79.312315,15,14,1,2026-03-16 09:42:14
7315,Queen St E / Hammersmith Ave,43.671349,-79.29451,11,11,0,2026-03-16 09:42:14
7316,Queen St. E / Spruce Hill Rd.,43.672571,-79.289,15,5,10,2026-03-16 09:42:14
7317,Hubbard Blvd / Balsam Av,43.669328,-79.288949,19,18,1,2026-03-16 09:42:14
7318,Hubbard Blvd / Glen Manor Dr,43.668633,-79.291162,15,15,0,2026-03-16 09:42:14
7319,Lake Shore Blvd E / Knox Ave,43.660206,-79.3244,11,10,1,2026-03-16 09:42:14
7364,Queen St E / Nursewood Rd,43.673831,-79.281455,19,18,0,2026-03-16 09:42:14
7365,Kewbeach Ave / Kenilworth Ave,43.666325,-79.3014,23,8,14,2026-03-16 09:42:14
7427,Northern Dancer Blvd / Lake Shore Blvd E,43.663162,-79.309765,26,8,18,2026-03-16 09:42:14
7428,Woodbine Ave / Lake Shore Blvd E,43.665645,-79.304711,27,27,0,2026-03-16 09:42:14
7692,85 Lee Ave,43.6700692,-79.2971326,26,21,1,2026-03-16 09:42:14
7695,Queen St E / Joseph Duggan Rd,43.6677628,-79.30811709999999,19,16,3,2026-03-16 09:42:14
8190,1651 Queen St E,43.66669198937586,-79.31437376868756,27,22,5,2026-03-16 09:42:14
7303,Queen St E / Woodward Ave,43.665269,-79.319796,19,19,0,2026-03-16 11:02:23
7309,Queen St E / Rhodes Ave,43.666224,-79.317693,23,22,1,2026-03-16 11:02:23
7313,Emdaabiimok Ave / Lake Shore Blvd E,43.662771,-79.315223,15,15,0,2026-03-16 11:02:23
7314,Queen St. E / Eastern Ave,43.667208,-79.312315,15,14,1,2026-03-16 11:02:23
7315,Queen St E / Hammersmith Ave,43.671349,-79.29451,11,11,0,2026-03-16 11:02:23
7316,Queen St. E / Spruce Hill Rd.,43.672571,-79.289,15,5,10,2026-03-16 11:02:23
7317,Hubbard Blvd / Balsam Av,43.669328,-79.288949,19,18,1,2026-03-16 11:02:23
7318,Hubbard Blvd / Glen Manor Dr,43.668633,-79.291162,15,15,0,2026-03-16 11:02:23
7319,Lake Shore Blvd E / Knox Ave,43.660206,-79.3244,11,10,1,2026-03-16 11:02:23
7364,Queen St E / Nursewood Rd,43.673831,-79.281455,19,18,0,2026-03-16 11:02:23
7365,Kewbeach Ave / Kenilworth Ave,43.666325,-79.3014,23,8,14,2026-03-16 11:02:23
7427,Northern Dancer Blvd / Lake Shore Blvd E,43.663162,-79.309765,26,8,18,2026-03-16 11:02:23
7428,Woodbine Ave / Lake Shore Blvd E,43.665645,-79.304711,27,27,0,2026-03-16 11:02:23
7692,85 Lee Ave,43.6700692,-79.2971326,26,21,1,2026-03-16 11:02:23
7695,Queen St E / Joseph Duggan Rd,43.6677628,-79.30811709999999,19,16,3,2026-03-16 11:02:23
8190,1651 Queen St E,43.66669198937586,-79.31437376868756,27,22,5,2026-03-16 11:02:23
7303,Queen St E / Woodward Ave,43.665269,-79.319796,19,19,0,2026-03-16 12:05:35
7309,Queen St E / Rhodes Ave,43.666224,-79.317693,23,22,1,2026-03-16 12:05:35
7313,Emdaabiimok Ave / Lake Shore Blvd E,43.662771,-79.315223,15,15,0,2026-03-16 12:05:35
7314,Queen St. E / Eastern Ave,43.667208,-79.312315,15,12,3,2026-03-16 12:05:35
7315,Queen St E / Hammersmith Ave,43.671349,-79.29451,11,11,0,2026-03-16 12:05:35
7316,Queen St. E / Spruce Hill Rd.,43.672571,-79.289,15,5,10,2026-03-16 12:05:35
7317,Hubbard Blvd / Balsam Av,43.669328,-79.288949,19,18,1,2026-03-16 12:05:35
7318,Hubbard Blvd / Glen Manor Dr,43.668633,-79.291162,15,15,0,2026-03-16 12:05:35
7319,Lake Shore Blvd E / Knox Ave,43.660206,-79.3244,11,10,1,2026-03-16 12:05:35
7364,Queen St E / Nursewood Rd,43.673831,-79.281455,19,18,0,2026-03-16 12:05:35
7365,Kewbeach Ave / Kenilworth Ave,43.666325,-79.3014,23,7,15,2026-03-16 12:05:35
7427,Northern Dancer Blvd / Lake Shore Blvd E,43.663162,-79.309765,26,8,18,2026-03-16 12:05:35
7428,Woodbine Ave / Lake Shore Blvd E,43.665645,-79.304711,27,27,0,2026-03-16 12:05:35
7692,85 Lee Ave,43.6700692,-79.2971326,26,21,1,2026-03-16 12:05:35
7695,Queen St E / Joseph Duggan Rd,43.6677628,-79.30811709999999,19,15,4,2026-03-16 12:05:35
8190,1651 Queen St E,43.66669198937586,-79.31437376868756,27,22,5,2026-03-16 12:05:35
7303,Queen St E / Woodward Ave,43.665269,-79.319796,19,18,1,2026-03-16 14:00:19
7309,Queen St E / Rhodes Ave,43.666224,-79.317693,23,22,1,2026-03-16 14:00:19
7313,Emdaabiimok Ave / Lake Shore Blvd E,43.662771,-79.315223,15,15,0,2026-03-16 14:00:19
7314,Queen St. E / Eastern Ave,43.667208,-79.312315,15,12,3,2026-03-16 14:00:19
7315,Queen St E / Hammersmith Ave,43.671349,-79.29451,11,11,0,2026-03-16 14:00:19
7316,Queen St. E / Spruce Hill Rd.,43.672571,-79.289,15,5,10,2026-03-16 14:00:19
7317,Hubbard Blvd / Balsam Av,43.669328,-79.288949,19,18,1,2026-03-16 14:00:19
7318,Hubbard Blvd / Glen Manor Dr,43.668633,-79.291162,15,15,0,2026-03-16 14:00:19
7319,Lake Shore Blvd E / Knox Ave,43.660206,-79.3244,11,9,2,2026-03-16 14:00:19
7364,Queen St E / Nursewood Rd,43.673831,-79.281455,19,18,0,2026-03-16 14:00:19
7365,Kewbeach Ave / Kenilworth Ave,43.666325,-79.3014,23,7,15,2026-03-16 14:00:19
7427,Northern Dancer Blvd / Lake Shore Blvd E,43.663162,-79.309765,26,9,17,2026-03-16 14:00:19
7428,Woodbine Ave / Lake Shore Blvd E,43.665645,-79.304711,27,27,0,2026-03-16 14:00:19
7692,85 Lee Ave,43.6700692,-79.2971326,26,22,0,2026-03-16 14:00:19
7695,Queen St E / Joseph Duggan Rd,43.6677628,-79.30811709999999,19,14,5,2026-03-16 14:00:19
8190,1651 Queen St E,43.66669198937586,-79.31437376868756,27,22,5,2026-03-16 14:00:19
7303,Queen St E / Woodward Ave,43.665269,-79.319796,19,18,1,2026-03-16 15:41:29
7309,Queen St E / Rhodes Ave,43.666224,-79.317693,23,22,1,2026-03-16 15:41:29
7313,Emdaabiimok Ave / Lake Shore Blvd E,43.662771,-79.315223,15,15,0,2026-03-16 15:41:29
7314,Queen St. E / Eastern Ave,43.667208,-79.312315,15,13,2,2026-03-16 15:41:29
7315,Queen St E / Hammersmith Ave,43.671349,-79.29451,11,11,0,2026-03-16 15:41:29
7316,Queen St. E / Spruce Hill Rd.,43.672571,-79.289,15,5,10,2026-03-16 15:41:29
7317,Hubbard Blvd / Balsam Av,43.669328,-79.288949,19,18,1,2026-03-16 15:41:29
7318,Hubbard Blvd / Glen Manor Dr,43.668633,-79.291162,15,14,1,2026-03-16 15:41:29
7319,Lake Shore Blvd E / Knox Ave,43.660206,-79.3244,11,9,2,2026-03-16 15:41:29
7364,Queen St E / Nursewood Rd,43.673831,-79.281455,19,18,0,2026-03-16 15:41:29
7365,Kewbeach Ave / Kenilworth Ave,43.666325,-79.3014,23,8,14,2026-03-16 15:41:29
7427,Northern Dancer Blvd / Lake Shore Blvd E,43.663162,-79.309765,26,9,17,2026-03-16 15:41:29
7428,Woodbine Ave / Lake Shore Blvd E,43.665645,-79.304711,27,27,0,2026-03-16 15:41:29
7692,85 Lee Ave,43.6700692,-79.2971326,26,21,1,2026-03-16 15:41:29
7695,Queen St E / Joseph Duggan Rd,43.6677628,-79.30811709999999,19,15,4,2026-03-16 15:41:29
8190,1651 Queen St E,43.66669198937586,-79.31437376868756,27,22,5,2026-03-16 15:41:29
7303,Queen St E / Woodward Ave,43.665269,-79.319796,19,18,1,2026-03-16 17:11:47
7309,Queen St E / Rhodes Ave,43.666224,-79.317693,23,22,1,2026-03-16 17:11:47
7313,Emdaabiimok Ave / Lake Shore Blvd E,43.662771,-79.315223,15,15,0,2026-03-16 17:11:47
7314,Queen St. E / Eastern Ave,43.667208,-79.312315,15,13,2,2026-03-16 17:11:47
7315,Queen St E / Hammersmith Ave,43.671349,-79.29451,11,11,0,2026-03-16 17:11:47
7316,Queen St. E / Spruce Hill Rd.,43.672571,-79.289,15,5,10,2026-03-16 17:11:47
7317,Hubbard Blvd / Balsam Av,43.669328,-79.288949,19,18,1,2026-03-16 17:11:47
7318,Hubbard Blvd / Glen Manor Dr,43.668633,-79.291162,15,14,1,2026-03-16 17:11:47
7319,Lake Shore Blvd E / Knox Ave,43.660206,-79.3244,11,9,2,2026-03-16 17:11:47
7364,Queen St E / Nursewood Rd,43.673831,-79.281455,19,18,0,2026-03-16 17:11:47
7365,Kewbeach Ave / Kenilworth Ave,43.666325,-79.3014,23,8,14,2026-03-16 17:11:47
7427,Northern Dancer Blvd / Lake Shore Blvd E,43.663162,-79.309765,26,8,18,2026-03-16 17:11:47
7428,Woodbine Ave / Lake Shore Blvd E,43.665645,-79.304711,27,27,0,2026-03-16 17:11:47
7692,85 Lee Ave,43.6700692,-79.2971326,26,4,14,2026-03-16 17:11:47
7695,Queen St E / Joseph Duggan Rd,43.6677628,-79.30811709999999,19,14,5,2026-03-16 17:11:47
8190,1651 Queen St E,43.66669198937586,-79.31437376868756,27,22,5,2026-03-16 17:11:47
7303,Queen St E / Woodward Ave,43.665269,-79.319796,19,19,0,2026-03-16 18:32:36
7309,Queen St E / Rhodes Ave,43.666224,-79.317693,23,22,1,2026-03-16 18:32:36
7313,Emdaabiimok Ave / Lake Shore Blvd E,43.662771,-79.315223,15,15,0,2026-03-16 18:32:36
7314,Queen St. E / Eastern Ave,43.667208,-79.312315,15,13,2,2026-03-16 18:32:36
7315,Queen St E / Hammersmith Ave,43.671349,-79.29451,11,11,0,2026-03-16 18:32:36
7316,Queen St. E / Spruce Hill Rd.,43.672571,-79.289,15,5,10,2026-03-16 18:32:36
7317,Hubbard Blvd / Balsam Av,43.669328,-79.288949,19,18,1,2026-03-16 18:32:36
7318,Hubbard Blvd / Glen Manor Dr,43.668633,-79.291162,15,14,1,2026-03-16 18:32:36
7319,Lake Shore Blvd E / Knox Ave,43.660206,-79.3244,11,9,2,2026-03-16 18:32:36
7364,Queen St E / Nursewood Rd,43.673831,-79.281455,19,18,0,2026-03-16 18:32:36
7365,Kewbeach Ave / Kenilworth Ave,43.666325,-79.3014,23,8,14,2026-03-16 18:32:36
7427,Northern Dancer Blvd / Lake Shore Blvd E,43.663162,-79.309765,26,10,16,2026-03-16 18:32:36
7428,Woodbine Ave / Lake Shore Blvd E,43.665645,-79.304711,27,27,0,2026-03-16 18:32:36
7692,85 Lee Ave,43.6700692,-79.2971326,26,4,14,2026-03-16 18:32:36
7695,Queen St E / Joseph Duggan Rd,43.6677628,-79.30811709999999,19,14,5,2026-03-16 18:32:36
8190,1651 Queen St E,43.66669198937586,-79.31437376868756,27,21,6,2026-03-16 18:32:36
7303,Queen St E / Woodward Ave,43.665269,-79.319796,19,19,0,2026-03-16 19:54:19
7309,Queen St E / Rhodes Ave,43.666224,-79.317693,23,23,0,2026-03-16 19:54:19
7313,Emdaabiimok Ave / Lake Shore Blvd E,43.662771,-79.315223,15,15,0,2026-03-16 19:54:19
7314,Queen St. E / Eastern Ave,43.667208,-79.312315,15,13,2,2026-03-16 19:54:19
7315,Queen St E / Hammersmith Ave,43.671349,-79.29451,11,11,0,2026-03-16 19:54:19
7316,Queen St. E / Spruce Hill Rd.,43.672571,-79.289,15,5,10,2026-03-16 19:54:19
7317,Hubbard Blvd / Balsam Av,43.669328,-79.288949,19,18,1,2026-03-16 19:54:19
7318,Hubbard Blvd / Glen Manor Dr,43.668633,-79.291162,15,14,1,2026-03-16 19:54:19
7319,Lake Shore Blvd E / Knox Ave,43.660206,-79.3244,11,10,1,2026-03-16 19:54:19
7364,Queen St E / Nursewood Rd,43.673831,-79.281455,19,18,0,2026-03-16 19:54:19
7365,Kewbeach Ave / Kenilworth Ave,43.666325,-79.3014,23,8,14,2026-03-16 19:54:19
7427,Northern Dancer Blvd / Lake Shore Blvd E,43.663162,-79.309765,26,9,17,2026-03-16 19:54:19
7428,Woodbine Ave / Lake Shore Blvd E,43.665645,-79.304711,27,27,0,2026-03-16 19:54:19
7692,85 Lee Ave,43.6700692,-79.2971326,26,4,14,2026-03-16 19:54:19
7695,Queen St E / Joseph Duggan Rd,43.6677628,-79.30811709999999,19,14,5,2026-03-16 19:54:19
8190,1651 Queen St E,43.66669198937586,-79.31437376868756,27,21,5,2026-03-16 19:54:19
7303,Queen St E / Woodward Ave,43.665269,-79.319796,19,19,0,2026-03-16 20:49:00
7309,Queen St E / Rhodes Ave,43.666224,-79.317693,23,22,1,2026-03-16 20:49:00
7313,Emdaabiimok Ave / Lake Shore Blvd E,43.662771,-79.315223,15,15,0,2026-03-16 20:49:00
7314,Queen St. E / Eastern Ave,43.667208,-79.312315,15,12,3,2026-03-16 20:49:00
7315,Queen St E / Hammersmith Ave,43.671349,-79.29451,11,11,0,2026-03-16 20:49:00
7316,Queen St. E / Spruce Hill Rd.,43.672571,-79.289,15,6,9,2026-03-16 20:49:00
7317,Hubbard Blvd / Balsam Av,43.669328,-79.288949,19,18,1,2026-03-16 20:49:00
7318,Hubbard Blvd / Glen Manor Dr,43.668633,-79.291162,15,15,0,2026-03-16 20:49:00
7319,Lake Shore Blvd E / Knox Ave,43.660206,-79.3244,11,10,1,2026-03-16 20:49:00
7364,Queen St E / Nursewood Rd,43.673831,-79.281455,19,18,0,2026-03-16 20:49:00
7365,Kewbeach Ave / Kenilworth Ave,43.666325,-79.3014,23,8,14,2026-03-16 20:49:00
7427,Northern Dancer Blvd / Lake Shore Blvd E,43.663162,-79.309765,26,9,17,2026-03-16 20:49:00
7428,Woodbine Ave / Lake Shore Blvd E,43.665645,-79.304711,27,27,0,2026-03-16 20:49:00
7692,85 Lee Ave,43.6700692,-79.2971326,26,4,14,2026-03-16 20:49:00
7695,Queen St E / Joseph Duggan Rd,43.6677628,-79.30811709999999,19,17,2,2026-03-16 20:49:00
8190,1651 Queen St E,43.66669198937586,-79.31437376868756,27,22,4,2026-03-16 20:49:00
7303,Queen St E / Woodward Ave,43.665269,-79.319796,19,19,0,2026-03-16 21:49:10
7309,Queen St E / Rhodes Ave,43.666224,-79.317693,23,22,1,2026-03-16 21:49:10
7313,Emdaabiimok Ave / Lake Shore Blvd E,43.662771,-79.315223,15,15,0,2026-03-16 21:49:10
7314,Queen St. E / Eastern Ave,43.667208,-79.312315,15,12,3,2026-03-16 21:49:10
7315,Queen St E / Hammersmith Ave,43.671349,-79.29451,11,11,0,2026-03-16 21:49:10
7316,Queen St. E / Spruce Hill Rd.,43.672571,-79.289,15,6,9,2026-03-16 21:49:10
7317,Hubbard Blvd / Balsam Av,43.669328,-79.288949,19,18,1,2026-03-16 21:49:10
7318,Hubbard Blvd / Glen Manor Dr,43.668633,-79.291162,15,15,0,2026-03-16 21:49:10
7319,Lake Shore Blvd E / Knox Ave,43.660206,-79.3244,11,10,1,2026-03-16 21:49:10
7364,Queen St E / Nursewood Rd,43.673831,-79.281455,19,18,0,2026-03-16 21:49:10
7365,Kewbeach Ave / Kenilworth Ave,43.666325,-79.3014,23,8,14,2026-03-16 21:49:10
7427,Northern Dancer Blvd / Lake Shore Blvd E,43.663162,-79.309765,26,9,17,2026-03-16 21:49:10
7428,Woodbine Ave / Lake Shore Blvd E,43.665645,-79.304711,27,27,0,2026-03-16 21:49:10
7692,85 Lee Ave,43.6700692,-79.2971326,26,6,12,2026-03-16 21:49:10
7695,Queen St E / Joseph Duggan Rd,43.6677628,-79.30811709999999,19,17,2,2026-03-16 21:49:10
8190,1651 Queen St E,43.66669198937586,-79.31437376868756,27,22,4,2026-03-16 21:49:10
7303,Queen St E / Woodward Ave,43.665269,-79.319796,19,19,0,2026-03-16 22:42:00
7309,Queen St E / Rhodes Ave,43.666224,-79.317693,23,22,1,2026-03-16 22:42:00
7313,Emdaabiimok Ave / Lake Shore Blvd E,43.662771,-79.315223,15,15,0,2026-03-16 22:42:00
7314,Queen St. E / Eastern Ave,43.667208,-79.312315,15,13,2,2026-03-16 22:42:00
7315,Queen St E / Hammersmith Ave,43.671349,-79.29451,11,11,0,2026-03-16 22:42:00
7316,Queen St. E / Spruce Hill Rd.,43.672571,-79.289,15,6,9,2026-03-16 22:42:00
7317,Hubbard Blvd / Balsam Av,43.669328,-79.288949,19,18,1,2026-03-16 22:42:00
7318,Hubbard Blvd / Glen Manor Dr,43.668633,-79.291162,15,15,0,2026-03-16 22:42:00
7319,Lake Shore Blvd E / Knox Ave,43.660206,-79.3244,11,10,1,2026-03-16 22:42:00
7364,Queen St E / Nursewood Rd,43.673831,-79.281455,19,18,0,2026-03-16 22:42:00
7365,Kewbeach Ave / Kenilworth Ave,43.666325,-79.3014,23,10,12,2026-03-16 22:42:00
7427,Northern Dancer Blvd / Lake Shore Blvd E,43.663162,-79.309765,26,9,17,2026-03-16 22:42:00
7428,Woodbine Ave / Lake Shore Blvd E,43.665645,-79.304711,27,26,1,2026-03-16 22:42:00
7692,85 Lee Ave,43.6700692,-79.2971326,26,6,12,2026-03-16 22:42:00
7695,Queen St E / Joseph Duggan Rd,43.6677628,-79.30811709999999,19,18,1,2026-03-16 22:42:00
8190,1651 Queen St E,43.66669198937586,-79.31437376868756,27,23,3,2026-03-16 22:42:00
7303,Queen St E / Woodward Ave,43.665269,-79.319796,19,19,0,2026-03-16 23:37:44
7309,Queen St E / Rhodes Ave,43.666224,-79.317693,23,22,1,2026-03-16 23:37:44
7313,Emdaabiimok Ave / Lake Shore Blvd E,43.662771,-79.315223,15,15,0,2026-03-16 23:37:44
7314,Queen St. E / Eastern Ave,43.667208,-79.312315,15,13,2,2026-03-16 23:37:44
7315,Queen St E / Hammersmith Ave,43.671349,-79.29451,11,11,0,2026-03-16 23:37:44
7316,Queen St. E / Spruce Hill Rd.,43.672571,-79.289,15,6,9,2026-03-16 23:37:44
7317,Hubbard Blvd / Balsam Av,43.669328,-79.288949,19,18,1,2026-03-16 23:37:44
7318,Hubbard Blvd / Glen Manor Dr,43.668633,-79.291162,15,15,0,2026-03-16 23:37:44
7319,Lake Shore Blvd E / Knox Ave,43.660206,-79.3244,11,10,1,2026-03-16 23:37:44
7364,Queen St E / Nursewood Rd,43.673831,-79.281455,19,18,0,2026-03-16 23:37:44
7365,Kewbeach Ave / Kenilworth Ave,43.666325,-79.3014,23,10,12,2026-03-16 23:37:44
7427,Northern Dancer Blvd / Lake Shore Blvd E,43.663162,-79.309765,26,9,17,2026-03-16 23:37:44
7428,Woodbine Ave / Lake Shore Blvd E,43.665645,-79.304711,27,26,1,2026-03-16 23:37:44
7692,85 Lee Ave,43.6700692,-79.2971326,26,6,12,2026-03-16 23:37:44
7695,Queen St E / Joseph Duggan Rd,43.6677628,-79.30811709999999,19,18,1,2026-03-16 23:37:44
8190,1651 Queen St E,43.66669198937586,-79.31437376868756,27,22,4,2026-03-16 23:37:44
7303,Queen St E / Woodward Ave,43.665269,-79.319796,19,19,0,2026-03-17 02:44:38
7309,Queen St E / Rhodes Ave,43.666224,-79.317693,23,23,0,2026-03-17 02:44:38
7313,Emdaabiimok Ave / Lake Shore Blvd E,43.662771,-79.315223,15,15,0,2026-03-17 02:44:38
7314,Queen St. E / Eastern Ave,43.667208,-79.312315,15,13,2,2026-03-17 02:44:38
7315,Queen St E / Hammersmith Ave,43.671349,-79.29451,11,11,0,2026-03-17 02:44:38
7316,Queen St. E / Spruce Hill Rd.,43.672571,-79.289,15,6,9,2026-03-17 02:44:38
7317,Hubbard Blvd / Balsam Av,43.669328,-79.288949,19,18,1,2026-03-17 02:44:38
7318,Hubbard Blvd / Glen Manor Dr,43.668633,-79.291162,15,15,0,2026-03-17 02:44:38
7319,Lake Shore Blvd E / Knox Ave,43.660206,-79.3244,11,10,1,2026-03-17 02:44:38
7364,Queen St E / Nursewood Rd,43.673831,-79.281455,19,18,0,2026-03-17 02:44:38
7365,Kewbeach Ave / Kenilworth Ave,43.666325,-79.3014,23,10,12,2026-03-17 02:44:38
7427,Northern Dancer Blvd / Lake Shore Blvd E,43.663162,-79.309765,26,9,17,2026-03-17 02:44:38
7428,Woodbine Ave / Lake Shore Blvd E,43.665645,-79.304711,27,26,1,2026-03-17 02:44:38
7692,85 Lee Ave,43.6700692,-79.2971326,26,6,12,2026-03-17 02:44:38
7695,Queen St E / Joseph Duggan Rd,43.6677628,-79.30811709999999,19,18,1,2026-03-17 02:44:38
8190,1651 Queen St E,43.66669198937586,-79.31437376868756,27,22,4,2026-03-17 02:44:38
7303,Queen St E / Woodward Ave,43.665269,-79.319796,19,19,0,2026-03-17 04:59:06
7309,Queen St E / Rhodes Ave,43.666224,-79.317693,23,23,0,2026-03-17 04:59:06
7313,Emdaabiimok Ave / Lake Shore Blvd E,43.662771,-79.315223,15,15,0,2026-03-17 04:59:06
7314,Queen St. E / Eastern Ave,43.667208,-79.312315,15,13,2,2026-03-17 04:59:06
7315,Queen St E / Hammersmith Ave,43.671349,-79.29451,11,11,0,2026-03-17 04:59:06
7316,Queen St. E / Spruce Hill Rd.,43.672571,-79.289,15,6,9,2026-03-17 04:59:06
7317,Hubbard Blvd / Balsam Av,43.669328,-79.288949,19,18,1,2026-03-17 04:59:06
7318,Hubbard Blvd / Glen Manor Dr,43.668633,-79.291162,15,15,0,2026-03-17 04:59:06
7319,Lake Shore Blvd E / Knox Ave,43.660206,-79.3244,11,10,1,2026-03-17 04:59:06
7364,Queen St E / Nursewood Rd,43.673831,-79.281455,19,18,0,2026-03-17 04:59:06
7365,Kewbeach Ave / Kenilworth Ave,43.666325,-79.3014,23,10,12,2026-03-17 04:59:06
7427,Northern Dancer Blvd / Lake Shore Blvd E,43.663162,-79.309765,26,9,17,2026-03-17 04:59:06
7428,Woodbine Ave / Lake Shore Blvd E,43.665645,-79.304711,27,26,1,2026-03-17 04:59:06
7692,85 Lee Ave,43.6700692,-79.2971326,26,6,12,2026-03-17 04:59:06
7695,Queen St E / Joseph Duggan Rd,43.6677628,-79.30811709999999,19,18,1,2026-03-17 04:59:06
8190,1651 Queen St E,43.66669198937586,-79.31437376868756,27,22,4,2026-03-17 04:59:06
7303,Queen St E / Woodward Ave,43.665269,-79.319796,19,19,0,2026-03-17 06:09:11
7309,Queen St E / Rhodes Ave,43.666224,-79.317693,23,23,0,2026-03-17 06:09:11
7313,Emdaabiimok Ave / Lake Shore Blvd E,43.662771,-79.315223,15,15,0,2026-03-17 06:09:11
7314,Queen St. E / Eastern Ave,43.667208,-79.312315,15,13,2,2026-03-17 06:09:11
7315,Queen St E / Hammersmith Ave,43.671349,-79.29451,11,11,0,2026-03-17 06:09:11
7316,Queen St. E / Spruce Hill Rd.,43.672571,-79.289,15,6,9,2026-03-17 06:09:11
7317,Hubbard Blvd / Balsam Av,43.669328,-79.288949,19,18,1,2026-03-17 06:09:11
7318,Hubbard Blvd / Glen Manor Dr,43.668633,-79.291162,15,15,0,2026-03-17 06:09:11
7319,Lake Shore Blvd E / Knox Ave,43.660206,-79.3244,11,10,1,2026-03-17 06:09:11
7364,Queen St E / Nursewood Rd,43.673831,-79.281455,19,18,0,2026-03-17 06:09:11
7365,Kewbeach Ave / Kenilworth Ave,43.666325,-79.3014,23,10,12,2026-03-17 06:09:11
7427,Northern Dancer Blvd / Lake Shore Blvd E,43.663162,-79.309765,26,9,17,2026-03-17 06:09:11
7428,Woodbine Ave / Lake Shore Blvd E,43.665645,-79.304711,27,26,1,2026-03-17 06:09:11
7692,85 Lee Ave,43.6700692,-79.2971326,26,6,12,2026-03-17 06:09:11
7695,Queen St E / Joseph Duggan Rd,43.6677628,-79.30811709999999,19,18,1,2026-03-17 06:09:11
8190,1651 Queen St E,43.66669198937586,-79.31437376868756,27,22,4,2026-03-17 06:09:11
7303,Queen St E / Woodward Ave,43.665269,-79.319796,19,19,0,2026-03-17 07:37:07
7309,Queen St E / Rhodes Ave,43.666224,-79.317693,23,23,0,2026-03-17 07:37:07
7313,Emdaabiimok Ave / Lake Shore Blvd E,43.662771,-79.315223,15,15,0,2026-03-17 07:37:07
7314,Queen St. E / Eastern Ave,43.667208,-79.312315,15,13,2,2026-03-17 07:37:07
7315,Queen St E / Hammersmith Ave,43.671349,-79.29451,11,11,0,2026-03-17 07:37:07
7316,Queen St. E / Spruce Hill Rd.,43.672571,-79.289,15,6,9,2026-03-17 07:37:07
7317,Hubbard Blvd / Balsam Av,43.669328,-79.288949,19,18,1,2026-03-17 07:37:07
7318,Hubbard Blvd / Glen Manor Dr,43.668633,-79.291162,15,15,0,2026-03-17 07:37:07
7319,Lake Shore Blvd E / Knox Ave,43.660206,-79.3244,11,10,1,2026-03-17 07:37:07
7364,Queen St E / Nursewood Rd,43.673831,-79.281455,19,18,0,2026-03-17 07:37:07
7365,Kewbeach Ave / Kenilworth Ave,43.666325,-79.3014,23,10,12,2026-03-17 07:37:07
7427,Northern Dancer Blvd / Lake Shore Blvd E,43.663162,-79.309765,26,9,17,2026-03-17 07:37:07
7428,Woodbine Ave / Lake Shore Blvd E,43.665645,-79.304711,27,26,1,2026-03-17 07:37:07
7692,85 Lee Ave,43.6700692,-79.2971326,26,6,12,2026-03-17 07:37:07
7695,Queen St E / Joseph Duggan Rd,43.6677628,-79.30811709999999,19,18,1,2026-03-17 07:37:07
8190,1651 Queen St E,43.66669198937586,-79.31437376868756,27,22,4,2026-03-17 07:37:07
7303,Queen St E / Woodward Ave,43.665269,-79.319796,19,19,0,2026-03-17 09:01:07
7309,Queen St E / Rhodes Ave,43.666224,-79.317693,23,23,0,2026-03-17 09:01:07
7313,Emdaabiimok Ave / Lake Shore Blvd E,43.662771,-79.315223,15,15,0,2026-03-17 09:01:07
7314,Queen St. E / Eastern Ave,43.667208,-79.312315,15,13,2,2026-03-17 09:01:07
7315,Queen St E / Hammersmith Ave,43.671349,-79.29451,11,11,0,2026-03-17 09:01:07
7316,Queen St. E / Spruce Hill Rd.,43.672571,-79.289,15,6,9,2026-03-17 09:01:07
7317,Hubbard Blvd / Balsam Av,43.669328,-79.288949,19,18,1,2026-03-17 09:01:07
7318,Hubbard Blvd / Glen Manor Dr,43.668633,-79.291162,15,15,0,2026-03-17 09:01:07
7319,Lake Shore Blvd E / Knox Ave,43.660206,-79.3244,11,10,1,2026-03-17 09:01:07
7364,Queen St E / Nursewood Rd,43.673831,-79.281455,19,18,0,2026-03-17 09:01:07
7365,Kewbeach Ave / Kenilworth Ave,43.666325,-79.3014,23,10,12,2026-03-17 09:01:07
7427,Northern Dancer Blvd / Lake Shore Blvd E,43.663162,-79.309765,26,9,17,2026-03-17 09:01:07
7428,Woodbine Ave / Lake Shore Blvd E,43.665645,-79.304711,27,26,1,2026-03-17 09:01:07
7692,85 Lee Ave,43.6700692,-79.2971326,26,6,12,2026-03-17 09:01:07
7695,Queen St E / Joseph Duggan Rd,43.6677628,-79.30811709999999,19,18,1,2026-03-17 09:01:07
8190,1651 Queen St E,43.66669198937586,-79.31437376868756,27,22,4,2026-03-17 09:01:07
7303,Queen St E / Woodward Ave,43.665269,-79.319796,19,19,0,2026-03-17 10:27:17
7309,Queen St E / Rhodes Ave,43.666224,-79.317693,23,23,0,2026-03-17 10:27:17
7313,Emdaabiimok Ave / Lake Shore Blvd E,43.662771,-79.315223,15,15,0,2026-03-17 10:27:17
7314,Queen St. E / Eastern Ave,43.667208,-79.312315,15,13,2,2026-03-17 10:27:17
7315,Queen St E / Hammersmith Ave,43.671349,-79.29451,11,11,0,2026-03-17 10:27:17
7316,Queen St. E / Spruce Hill Rd.,43.672571,-79.289,15,6,9,2026-03-17 10:27:17
7317,Hubbard Blvd / Balsam Av,43.669328,-79.288949,19,18,1,2026-03-17 10:27:17
7318,Hubbard Blvd / Glen Manor Dr,43.668633,-79.291162,15,15,0,2026-03-17 10:27:17
7319,Lake Shore Blvd E / Knox Ave,43.660206,-79.3244,11,10,1,2026-03-17 10:27:17
7364,Queen St E / Nursewood Rd,43.673831,-79.281455,19,18,0,2026-03-17 10:27:17
7365,Kewbeach Ave / Kenilworth Ave,43.666325,-79.3014,23,10,12,2026-03-17 10:27:17
7427,Northern Dancer Blvd / Lake Shore Blvd E,43.663162,-79.309765,26,9,17,2026-03-17 10:27:17
7428,Woodbine Ave / Lake Shore Blvd E,43.665645,-79.304711,27,26,1,2026-03-17 10:27:17
7692,85 Lee Ave,43.6700692,-79.2971326,26,6,12,2026-03-17 10:27:17
7695,Queen St E / Joseph Duggan Rd,43.6677628,-79.30811709999999,19,18,1,2026-03-17 10:27:17
8190,1651 Queen St E,43.66669198937586,-79.31437376868756,27,22,4,2026-03-17 10:27:17
7303,Queen St E / Woodward Ave,43.665269,-79.319796,19,19,0,2026-03-17 11:26:20
7309,Queen St E / Rhodes Ave,43.666224,-79.317693,23,23,0,2026-03-17 11:26:20
7313,Emdaabiimok Ave / Lake Shore Blvd E,43.662771,-79.315223,15,15,0,2026-03-17 11:26:20
7314,Queen St. E / Eastern Ave,43.667208,-79.312315,15,13,2,2026-03-17 11:26:20
7315,Queen St E / Hammersmith Ave,43.671349,-79.29451,11,11,0,2026-03-17 11:26:20
7316,Queen St. E / Spruce Hill Rd.,43.672571,-79.289,15,6,9,2026-03-17 11:26:20
7317,Hubbard Blvd / Balsam Av,43.669328,-79.288949,19,18,1,2026-03-17 11:26:20
7318,Hubbard Blvd / Glen Manor Dr,43.668633,-79.291162,15,15,0,2026-03-17 11:26:20
7319,Lake Shore Blvd E / Knox Ave,43.660206,-79.3244,11,10,1,2026-03-17 11:26:20
7364,Queen St E / Nursewood Rd,43.673831,-79.281455,19,18,0,2026-03-17 11:26:20
7365,Kewbeach Ave / Kenilworth Ave,43.666325,-79.3014,23,10,12,2026-03-17 11:26:20
7427,Northern Dancer Blvd / Lake Shore Blvd E,43.663162,-79.309765,26,9,17,2026-03-17 11:26:20
7428,Woodbine Ave / Lake Shore Blvd E,43.665645,-79.304711,27,26,1,2026-03-17 11:26:20
7692,85 Lee Ave,43.6700692,-79.2971326,26,6,12,2026-03-17 11:26:20
7695,Queen St E / Joseph Duggan Rd,43.6677628,-79.30811709999999,19,18,1,2026-03-17 11:26:20
8190,1651 Queen St E,43.66669198937586,-79.31437376868756,27,22,4,2026-03-17 11:26:20
7303,Queen St E / Woodward Ave,43.665269,-79.319796,19,19,0,2026-03-17 12:05:27
7309,Queen St E / Rhodes Ave,43.666224,-79.317693,23,23,0,2026-03-17 12:05:27
7313,Emdaabiimok Ave / Lake Shore Blvd E,43.662771,-79.315223,15,15,0,2026-03-17 12:05:27
7314,Queen St. E / Eastern Ave,43.667208,-79.312315,15,13,2,2026-03-17 12:05:27
7315,Queen St E / Hammersmith Ave,43.671349,-79.29451,11,11,0,2026-03-17 12:05:27
7316,Queen St. E / Spruce Hill Rd.,43.672571,-79.289,15,6,9,2026-03-17 12:05:27
7317,Hubbard Blvd / Balsam Av,43.669328,-79.288949,19,18,1,2026-03-17 12:05:27
7318,Hubbard Blvd / Glen Manor Dr,43.668633,-79.291162,15,15,0,2026-03-17 12:05:27
7319,Lake Shore Blvd E / Knox Ave,43.660206,-79.3244,11,10,1,2026-03-17 12:05:27
7364,Queen St E / Nursewood Rd,43.673831,-79.281455,19,18,0,2026-03-17 12:05:27
7365,Kewbeach Ave / Kenilworth Ave,43.666325,-79.3014,23,10,12,2026-03-17 12:05:27
7427,Northern Dancer Blvd / Lake Shore Blvd E,43.663162,-79.309765,26,9,17,2026-03-17 12:05:27
7428,Woodbine Ave / Lake Shore Blvd E,43.665645,-79.304711,27,26,1,2026-03-17 12:05:27
7692,85 Lee Ave,43.6700692,-79.2971326,26,6,12,2026-03-17 12:05:27
7695,Queen St E / Joseph Duggan Rd,43.6677628,-79.30811709999999,19,18,1,2026-03-17 12:05:27
8190,1651 Queen St E,43.66669198937586,-79.31437376868756,27,22,4,2026-03-17 12:05:27
